Mã HP,Tên HP,Điểm,Số TC
CF213,Cấu trúc dữ liệu và giải thuật,0.0,4
CS100,Tin đại cương,6.0,2
CS102,Công dân số,6.1,2
CS121,Ngôn ngữ lập trình,7.7,3
CS122,Lập trình hướng đối tượng,4.7,3
EC102,Nhập môn kinh tế học,7.3,2
GE111,Tiếng Anh sơ cấp 1,5.9,2
GE112,Tiếng Anh sơ cấp 2,5.1,2
GE121,Tiếng Anh sơ trung cấp 1,4.5,2
GZ101,Tiếng Trung 1,0.0,2
MA101,"Logic, suy luận toán học và kỹ thuật đếm",4.2,3
MA104,Số và cấu trúc đại số,5.5,3
MA239,Xác suất thống kê,0.0,4
ML113,Triết học Mác - Lênin,8.7,3
ML114,Kinh tế chính trị Mác - Lênin,8.6,2
ML115,Chủ nghĩa xã hội khoa học,8.4,2
ML202,Tư tưởng Hồ Chí Minh,0.0,2
ML204,Lịch sử Đảng,0.0,2
NA151,Khoa học môi trường,8.0,2
PG113,GDTC: Bóng rổ cơ bản,0.0,1
PG115,GDTC: Bóng chuyền cơ bản,0.0,1
PG118,GDTC: Thể dục cơ bản,0.0,1
PG121,Giáo dục quốc phòng,6.3,4
SH131,Pháp luật đại cương,8.4,2
VL101,Tiếng Việt thực hành,6.2,2
CS110,Kỹ thuật số,5.9,2
CS212,Kiến trúc máy tính,6.1,3
IS222,Cơ sở dữ liệu,7.8,3
MA110,Giải tích 1,2.9,3
MA120,Đại số tuyến tính,4.5,3
MI201,Toán rời rạc,6.6,3
NW212,Mạng máy tính,0.0,2
