Mã HP,Tên HP,Điểm,Số TC
CS100A,Nhập môn khoa học máy tính,6.3,2
CS121,Ngôn ngữ lập trình,6.3,3
CS122,Lập trình hướng đối tượng,3.4,3
EC101,Kinh tế học đại cương,5.0,3
GE100,Tiếng Anh cho người mới bắt đầu,5.9,2
GE101A,Tiếng Anh sơ cấp 1,5.4,2
GE102A,Tiếng Anh sơ cấp 2,5.7,2
GE201A,Tiếng Anh sơ trung cấp 1,5.2,2
GE202A,Tiếng Anh sơ trung cấp 2,5.0,2
GF101,Tiếng Pháp 1,6.8,2
GF102,Tiếng Pháp 2,5.0,2
MA100A,Toán 1,7.0,2
ML111,Triết học Mác – Lênin,7.4,2
ML112,Kinh tế chính trị và CNXH khoa học,6.7,3
ML202,Tư tưởng Hồ Chí Minh,7.5,2
ML203,Đường lối cách mạng của Đảng CS Việt Nam,9.0,3
NA151,Khoa học môi trường,6.5,2
PG100,Giáo dục thể chất,5.7,4
PG121,Giáo dục quốc phòng,6.0,4
SH131,Pháp luật đại cương,5.5,2
AD211,Văn hóa Hà Nội,8.0,2
CF201,Lý thuyết thuật toán,5.5,3
CF212A,Cấu trúc dữ liệu 1,0.0,2
CF321,Xử lý tín hiệu số,5.0,3
CS110,Kỹ thuật số,5.5,2
CS210B,Thực hành điện tử số,7.0,2
CS211,Vi điều khiển và ứng dụng,6.0,3
CS212A,Kiến trúc máy tính 1,6.5,2
CS212B,Kiến trúc máy tính 2,8.5,2
CS311A,Hợp ngữ,5.0,2
CS312,Lập trình hệ thống,5.0,3
CS315,Nguyên lý hệ điều hành,5.0,3
CS316,Hệ điều hành Unix,6.0,3
CS324,Kỹ thuật lập trình,4.0,2
CS411,Ứng dụng KT vi xử lý trong đo lường và điều khiển,5.0,2
ET220,Lý thuyết mạch,5.0,3
IS222,Cơ sở dữ liệu,5.9,3
IS223A,Cơ sở dữ liệu 2,5.0,2
IS332,Phân tích thiết kế hướng đối tượng,5.0,3
MA110A,Giải tích 1A,3.0,2
MA111A,Giải tích 2A,3.0,2
MA120A,Đại số tuyến tính 1,7.0,2
MA212,Phương trình vi phân,1.8,2
MA231,Xác suất thống kê ứng dụng,3.0,4
MI201,Toán rời rạc,5.0,3
MI311A,Lý thuyết thông tin và mã hoá,8.7,2
NW212,Mạng máy tính,6.5,2
NW312A,Thiết kế quản trị mạng,5.7,4
NW332A,An toàn mạng,7.2,4
PE201,Tiếng Anh trong tin học 1A,5.0,2
PE302,Tiếng Anh trong tin học 1B,5.0,2
TC311,Kỹ thuật truyền tin,5.0,3
TC313A,Kỹ thuật truyền dẫn quang,7.0,2
TC314A,Truyền dẫn và chuyển mạch số,8.0,2
TC422,Thông tin di động và vệ tinh,6.0,2
TC438,CĐTN: Chuyển mạch nhãn đa giao thức,9.4,6
