Mã HP,Tên HP,Điểm,Số TC
CF212,Cấu trúc dữ liệu,-1.0,3
CF213,Cấu trúc dữ liệu và giải thuật,-1.0,4
CS100,Tin đại cương,5.8,2
CS102,Công dân số,1.8,2
CS110,Kỹ thuật số,4.6,2
CS121,Ngôn ngữ lập trình,7.3,3
CS122,Lập trình hướng đối tượng,5.5,3
CS212,Kiến trúc máy tính,5.5,3
EC102,Nhập môn kinh tế học,4.0,2
GE101,Tiếng Anh sơ cấp 1,3.7,2
GE102,Tiếng Anh sơ cấp 2,4.4,2
GF101,Tiếng Pháp 1,4.6,2
GZ101,Tiếng Trung 1,3.4,2
GZ102,Tiếng Trung 2,-1.0,2
IS222,Cơ sở dữ liệu,7.6,3
IS314,Hệ thống thông tin,7.2,3
IS322,Hệ quản trị cơ sở dữ liệu,5.9,3
MA101,"Logic, suy luận toán học và kỹ thuật đếm",4.0,3
MA104,Số và cấu trúc đại số,4.1,3
MA110,Giải tích 1,2.3,3
MA111,Giải tích 2,2.7,3
MA120,Đại số tuyến tính,6.2,3
MA231,Xác suất thống kê ứng dụng,2.6,4
MI201,Toán rời rạc,4.8,3
ML113,Triết học Mác - Lênin,7.9,3
ML114,Kinh tế chính trị Mác - Lênin,7.9,2
ML115,Chủ nghĩa xã hội khoa học,8.0,2
ML202,Tư tưởng Hồ Chí Minh,8.2,2
ML204,Lịch sử Đảng,7.8,2
NA151,Khoa học môi trường,8.2,2
NW212,Mạng máy tính,3.9,2
PG106,GDTC: Bóng bàn cơ bản,2.1,1
PG113,GDTC: Bóng rổ cơ bản,3.0,1
PG115,GDTC: Bóng chuyền cơ bản,2.1,1
PG118,GDTC: Thể dục cơ bản,2.4,1
SH131,Pháp luật đại cương,6.4,2
VL101,Tiếng Việt thực hành,6.1,2
AD212,Phương pháp hùng biện và các thủ thuật tranh biện,9.0,3
AD312,Bóng đá,9.3,4
CF211,Phân tích và thiết kế thuật toán,-1.0,2
CS315,Nguyên lý hệ điều hành,8.5,3
CS321,Nhập môn khoa học dữ liệu,-1.0,2
IS332,Phân tích thiết kế hướng đối tượng,2.0,3
IT380,Dự án Công nghệ thông tin,2.4,2
