Mã HP,Tên HP,Điểm,Số TC
CF212,Cấu trúc dữ liệu,1.2,3
CS100,Tin đại cương,5.3,2
CS110,Kỹ thuật số,-1.0,2
CS121,Ngôn ngữ lập trình,2.9,3
CS122,Lập trình hướng đối tượng,5.7,3
EC102,Nhập môn kinh tế học,6.0,2
GE101,Tiếng Anh sơ cấp 1,7.2,2
GE102,Tiếng Anh sơ cấp 2,5.3,2
GE103,Tiếng Anh sơ cấp 3,5.5,2
GE201,Tiếng Anh sơ trung cấp 1,5.0,2
GE202,Tiếng Anh sơ trung cấp 2,5.1,2
GE205,Tiếng Anh sơ trung cấp 3,4.6,2
GE301,Tiếng Anh trung cấp 1,-1.0,2
GJ101,Tiếng Nhật 1,6.3,2
GJ102,Tiếng Nhật 2,-1.0,2
GZ101,Tiếng Trung 1,-1.0,2
MA101,"Logic, suy luận toán học và kỹ thuật đếm",4.7,3
MA104,Số và cấu trúc đại số,3.6,3
MA110,Giải tích 1,2.4,3
MA111,Giải tích 2,-1.0,3
MA120,Đại số tuyến tính,5.1,3
MA231,Xác suất thống kê ứng dụng,-1.0,4
MI201,Toán rời rạc,5.1,3
ML111,Triết học Mác – Lênin,6.6,2
ML112,Kinh tế chính trị và CNXH khoa học,5.8,3
ML202,Tư tưởng Hồ Chí Minh,7.6,2
ML204,Lịch sử Đảng,8.8,2
NA151,Khoa học môi trường,7.9,2
PG102,GDTC: Thể dục cổ truyền cơ bản,-1.0,1
PG106,GDTC: Bóng bàn cơ bản,6.3,1
PG118,GDTC: Thể dục cơ bản,3.5,1
PG120,Thể dục cơ bản nâng cao,5.4,1
SH131,Pháp luật đại cương,8.4,2
VL101,Tiếng Việt thực hành,4.0,2
AD216,Kỹ năng sống,7.9,3
AD314,Nhảy hiện đại,8.0,4
