Mã HP,Tên HP,Điểm,Số TC
CF212,Cấu trúc dữ liệu,-1.0,3
CS100,Tin đại cương,6.1,2
CS102,Công dân số,4.5,2
CS110,Kỹ thuật số,9.2,2
CS121,Ngôn ngữ lập trình,4.2,3
CS122,Lập trình hướng đối tượng,4.8,3
CS212,Kiến trúc máy tính,5.7,3
EC102,Nhập môn kinh tế học,7.8,2
GE101,Tiếng Anh sơ cấp 1,7.9,2
GE102,Tiếng Anh sơ cấp 2,6.1,2
GE103,Tiếng Anh sơ cấp 3,5.1,2
GE201,Tiếng Anh sơ trung cấp 1,5.4,2
GE202,Tiếng Anh sơ trung cấp 2,5.0,2
GE205,Tiếng Anh sơ trung cấp 3,4.8,2
GJ101,Tiếng Nhật 1,4.2,2
GJ102,Tiếng Nhật 2,4.1,2
IS222,Cơ sở dữ liệu,5.0,3
MA101,"Logic, suy luận toán học và kỹ thuật đếm",8.3,3
MA104,Số và cấu trúc đại số,-1.0,3
MA110,Giải tích 1,-1.0,3
MA120,Đại số tuyến tính,6.6,3
MA239,Xác suất thống kê,2.3,4
MI201,Toán rời rạc,4.8,3
ML113,Triết học Mác - Lênin,9.5,3
ML114,Kinh tế chính trị Mác - Lênin,8.2,2
ML115,Chủ nghĩa xã hội khoa học,8.0,2
ML202,Tư tưởng Hồ Chí Minh,8.3,2
ML204,Lịch sử Đảng,6.6,2
NW212,Mạng máy tính,-1.0,2
PG106,GDTC: Bóng bàn cơ bản,8.0,1
PG113,GDTC: Bóng rổ cơ bản,3.9,1
PG115,GDTC: Bóng chuyền cơ bản,7.4,1
PG118,GDTC: Thể dục cơ bản,8.6,1
SH131,Pháp luật đại cương,8.6,2
VL101,Tiếng Việt thực hành,8.8,2
AD312,Bóng đá,10.0,4
CS314,Lập trình ứng dụng di động,0.0,2
IM206,ứng dụng Excel,4.2,2
IS332,Phân tích thiết kế hướng đối tượng,0.0,3
