Mã HP,Tên HP,Điểm,Số TC
CS100,Tin đại cương,7.2,2
CS121,Ngôn ngữ lập trình,7.0,3
CS122,Lập trình hướng đối tượng,7.8,3
EC102,Nhập môn kinh tế học,4.0,2
GE111,Tiếng Anh sơ cấp 1,6.2,2
GE112,Tiếng Anh sơ cấp 2,6.7,2
GE121,Tiếng Anh sơ trung cấp 1,4.0,2
GE222,Tiếng Anh sơ trung cấp 2,6.1,2
GE231,Tiếng Anh trung cấp 1,0.0,2
GZ101,Tiếng Trung 1,0.0,2
MA101,"Logic, suy luận toán học và kỹ thuật đếm",4.0,3
MA104,Số và cấu trúc đại số,5.2,3
ML113,Triết học Mác - Lênin,8.9,3
ML114,Kinh tế chính trị Mác - Lênin,8.7,2
ML115,Chủ nghĩa xã hội khoa học,8.9,2
ML202,Tư tưởng Hồ Chí Minh,0.0,2
ML204,Lịch sử Đảng,-1.0,2
NA151,Khoa học môi trường,8.3,2
PG106,GDTC: Bóng bàn cơ bản,0.0,1
PG113,GDTC: Bóng rổ cơ bản,10.0,1
PG115,GDTC: Bóng chuyền cơ bản,0.0,1
PG118,GDTC: Thể dục cơ bản,0.0,1
PG121,Giáo dục quốc phòng,7.4,4
SH131,Pháp luật đại cương,8.4,2
VL101,Tiếng Việt thực hành,7.1,2
CS110,Kỹ thuật số,5.9,2
CS212,Kiến trúc máy tính,4.0,3
IS222,Cơ sở dữ liệu,7.0,3
IS322,Hệ quản trị cơ sở dữ liệu,0.0,3
MA110,Giải tích 1,4.4,3
MA120,Đại số tuyến tính,7.1,3
MI201,Toán rời rạc,4.0,3
