Mã HP,Tên HP,Điểm,Số TC
CF212,Cấu trúc dữ liệu,7.0,3
CS100,Tin đại cương,4.4,2
CS102,Công dân số,6.8,2
CS110,Kỹ thuật số,5.0,2
CS121,Ngôn ngữ lập trình,6.0,3
CS122,Lập trình hướng đối tượng,6.2,3
CS212,Kiến trúc máy tính,6.2,3
EC101,Kinh tế học đại cương,4.4,3
GE101,Tiếng Anh sơ cấp 1,2.4,2
GJ101,Tiếng Nhật 1,5.4,2
GJ102,Tiếng Nhật 2,2.9,2
IS222,Cơ sở dữ liệu,5.7,3
IS314,Hệ thống thông tin,6.5,3
IS322,Hệ quản trị cơ sở dữ liệu,4.9,3
IS330,Dữ liệu lớn,6.7,2
IS334,Quản lý dự án hệ thống thông tin,7.6,3
IT320,Phát triển ứng dụng với Python,7.7,3
IT333,Công nghệ Web,6.5,3
MA101,"Logic, suy luận toán học và kỹ thuật đếm",6.1,3
MA104,Số và cấu trúc đại số,2.6,3
MA110,Giải tích 1,2.0,3
MA111,Giải tích 2,2.0,3
MA120,Đại số tuyến tính,5.6,3
MA231,Xác suất thống kê ứng dụng,5.0,4
MI201,Toán rời rạc,5.7,3
MI322,Trí tuệ nhân tạo và công nghệ tri thức,6.4,3
ML111,Triết học Mác – Lênin,8.4,2
ML112,Kinh tế chính trị và CNXH khoa học,6.5,3
ML202,Tư tưởng Hồ Chí Minh,8.0,2
ML204,Lịch sử Đảng,7.5,2
NA151,Khoa học môi trường,8.9,2
NW212,Mạng máy tính,4.0,2
SE302,Công nghệ phần mềm,8.1,2
SH131,Pháp luật đại cương,6.0,2
VL101,Tiếng Việt thực hành,-1.0,2
AD214,Nâng cao chất lượng giọng hát,9.5,3
AD314,Nhảy hiện đại,9.3,4
CS223,Lập trình Java,6.2,3
CS224,Lập trình .Net,9.0,3
CS314,Lập trình ứng dụng di động,6.5,2
CS315,Nguyên lý hệ điều hành,6.4,3
IS332,Phân tích thiết kế hướng đối tượng,7.2,3
IT332,Internet of Things,4.8,2
IT380,Dự án Công nghệ thông tin,7.5,2
