Mã HP,Tên HP,Điểm,Số TC
CF231,Lý thuyết thông tin và mã hóa,6.3,2
CS100,Tin đại cương,8.3,2
CS121,Ngôn ngữ lập trình,8.2,3
CS122,Lập trình hướng đối tượng,5.7,3
EC102,Nhập môn kinh tế học,4.9,2
GE101,Tiếng Anh sơ cấp 1,5.7,2
GE102,Tiếng Anh sơ cấp 2,5.7,2
GE103,Tiếng Anh sơ cấp 3,5.7,2
GE201,Tiếng Anh sơ trung cấp 1,6.9,2
GE202,Tiếng Anh sơ trung cấp 2,6.6,2
GE205,Tiếng Anh sơ trung cấp 3,5.0,2
GE301,Tiếng Anh trung cấp 1,7.1,2
GE303,Tiếng Anh trung cấp 2,7.1,2
GE305,Tiếng Anh trung cấp 3,2.7,2
GZ101,Tiếng Trung 1,6.5,2
GZ102,Tiếng Trung 2,7.6,2
IM001,Kỹ năng CNTT cơ bản,5.0,0
IP401,Thực tập ngành Khoa học máy tính,8.5,2
IS314,Hệ thống thông tin,6.8,3
MA101,"Logic, suy luận toán học và kỹ thuật đếm",0.0,3
MA101A,"Logic, suy luận toán học và kỹ thuật đếm",8.1,3
MA104,Số và cấu trúc đại số,8.5,3
MI322,Trí tuệ nhân tạo và công nghệ tri thức,8.0,3
ML111,Triết học Mác – Lênin,6.5,2
ML112,Kinh tế chính trị và CNXH khoa học,7.4,3
ML202,Tư tưởng Hồ Chí Minh,9.6,2
ML203,Đường lối cách mạng của Đảng CS Việt Nam,9.6,3
NA151,Khoa học môi trường,8.0,2
PG106,GDTC: Bóng bàn cơ bản,8.0,1
PG110,GDTC: Bơi cơ bản,2.4,1
PG113,GDTC: Bóng rổ cơ bản,8.5,1
PG118,GDTC: Thể dục cơ bản,10.0,1
PG121,Giáo dục quốc phòng,5.4,4
SE312,Kiểm thử và đảm bảo chất lượng phần mềm,8.2,3
SH131,Pháp luật đại cương,7.6,2
ST450,Toeic,4.0,3
VL101,Tiếng Việt thực hành,6.8,2
AD312,Bóng đá,9.0,4
CF212,Cấu trúc dữ liệu,7.2,3
CF301,Ngôn ngữ hình thức và Otomat,6.4,3
CS110,Kỹ thuật số,8.6,2
CS212,Kiến trúc máy tính,6.5,3
CS223,Lập trình Java,7.3,3
CS314,Lập trình ứng dụng di động,9.0,2
CS315,Nguyên lý hệ điều hành,7.5,3
IS222,Cơ sở dữ liệu,7.4,3
IS322,Hệ quản trị cơ sở dữ liệu,5.2,3
IS332,Phân tích thiết kế hướng đối tượng,7.2,3
MA110,Giải tích 1,5.0,3
MA111,Giải tích 2,7.6,3
MA120,Đại số tuyến tính,5.0,3
MA231,Xác suất thống kê ứng dụng,6.9,4
MI201,Toán rời rạc,6.9,3
MI312,Đồ họa,9.5,2
NW212,Mạng máy tính,6.3,2
SE302,Công nghệ phần mềm,7.4,2
SE380,Project,2.1,3
SE422,Quản lý dự án phần mềm,8.3,3
SM201,Phương pháp luận nghiên cứu khoa học,3.0,3
