Mã HP,Tên HP,Điểm,Số TC
BA211A,Quản lý sản xuất và tác nghiệp,5.0,2
CS100A,Nhập môn khoa học máy tính,5.7,2
CS121,Ngôn ngữ lập trình,6.2,3
CS122,Lập trình hướng đối tượng,5.0,3
CS212A,Kiến trúc máy tính 1,5.0,2
EC101,Kinh tế học đại cương,5.1,3
EC221A,Luật kinh tế,6.7,3
FN201A,Lý thuyết tài chính tiền tệ,5.0,2
GE100,Tiếng Anh cho người mới bắt đầu,6.0,2
GE101A,Tiếng Anh sơ cấp 1,6.6,2
GE102A,Tiếng Anh sơ cấp 2,6.4,2
GE201A,Tiếng Anh sơ trung cấp 1,5.5,2
GE202A,Tiếng Anh sơ trung cấp 2,5.3,2
GF101,Tiếng Pháp 1,6.3,2
GF102,Tiếng Pháp 2,6.9,2
IS322E,Hệ quản trị cơ sở dữ liệu,5.5,4
MA100A,Toán 1,5.0,2
MA111A,Giải tích 2A,5.0,2
MA142A,Đại số tuyến tính,5.0,2
MA142B,Giải tích trong kinh tế,5.0,2
ML111,Triết học Mác – Lênin,7.4,2
ML112,Kinh tế chính trị và CNXH khoa học,5.7,3
ML202,Tư tưởng Hồ Chí Minh,7.0,2
ML203,Đường lối cách mạng của Đảng CS Việt Nam,7.2,3
NA151,Khoa học môi trường,5.0,2
NW312A,Thiết kế quản trị mạng,5.6,4
PG101,GDTC: Lý thuyết,6.1,1
PG102,GDTC: Thể dục cổ truyền cơ bản,6.9,1
PG104,GDTC: Cầu lông cơ bản,7.9,1
PG105,GDTC: Cầu lông nâng cao,2.8,1
PG106,GDTC: Bóng bàn cơ bản,-1.0,1
PG121,Giáo dục quốc phòng,5.8,4
SH131,Pháp luật đại cương,6.0,2
AC201,Nguyên lý kế toán,5.5,3
AC210,Kế toán doanh nghiệp,5.0,3
AD211,Văn hóa Hà Nội,6.2,2
BA101,Quản trị học,6.0,2
BK201,Ngân hàng thương mại 1,5.0,3
CS110,Kỹ thuật số,2.0,2
CS223,Lập trình Java,0.0,3
CS224,Lập trình .Net,5.0,3
CS315,Nguyên lý hệ điều hành,5.0,3
EC202,Kinh tế vi mô,5.0,2
EC203,Kinh tế vĩ mô,5.0,2
FN211D,Nhập môn tài chính doanh nghiệp,5.5,2
FN221,Tài chính công,6.1,2
IS222,Cơ sở dữ liệu,5.0,3
IS332,Phân tích thiết kế hướng đối tượng,6.0,3
IS333,Phân tích thiết kế hệ thống thông tin,6.5,2
IS489,CĐTN: Hệ thống thông tin ngân hàng,8.1,6
MA120,Đại số tuyến tính,-1.0,3
MA142,"Đại số tuyến tính, giải tích và ứng dụng trong kinh tế",2.1,4
MA212,Phương trình vi phân,5.0,2
MA231,Xác suất thống kê ứng dụng,5.0,4
MI414,Giao diện người máy,5.0,2
MK201,Nguyên lý marketing,5.0,2
NW212,Mạng máy tính,5.3,2
NW332A,An toàn mạng,5.0,4
PE201,Tiếng Anh trong tin học 1A,6.1,2
PE221,Tiếng Anh doanh nghiệp 1A,5.8,2
PE302,Tiếng Anh trong tin học 1B,6.8,2
SE302,Công nghệ phần mềm,6.6,2
