Mã HP,Tên HP,Điểm,Số TC
CS100,Tin đại cương,7.7,2
CS102,Công dân số,7.5,2
CS110,Kỹ thuật số,8.8,2
CS121,Ngôn ngữ lập trình,5.0,3
CS122,Lập trình hướng đối tượng,0.0,3
CS212,Kiến trúc máy tính,4.6,3
EC102,Nhập môn kinh tế học,8.8,2
GE101,Tiếng Anh sơ cấp 1,6.6,2
GE102,Tiếng Anh sơ cấp 2,5.2,2
GE103,Tiếng Anh sơ cấp 3,4.7,2
GE121,Tiếng Anh sơ trung cấp 1,4.6,2
GE222,Tiếng Anh sơ trung cấp 2,4.0,2
GE231,Tiếng Anh trung cấp 1,0.0,2
GJ101,Tiếng Nhật 1,7.1,2
GJ102,Tiếng Nhật 2,5.0,2
IS222,Cơ sở dữ liệu,9.1,3
IS322,Hệ quản trị cơ sở dữ liệu,5.7,3
MA101,"Logic, suy luận toán học và kỹ thuật đếm",6.2,3
MA104,Số và cấu trúc đại số,8.0,3
MA110,Giải tích 1,10.0,3
MA111,Giải tích 2,0.0,3
MA120,Đại số tuyến tính,5.8,3
MA239,Xác suất thống kê,4.6,4
MI201,Toán rời rạc,0.0,3
ML113,Triết học Mác - Lênin,7.6,3
ML114,Kinh tế chính trị Mác - Lênin,8.7,2
ML115,Chủ nghĩa xã hội khoa học,9.0,2
ML202,Tư tưởng Hồ Chí Minh,6.6,2
ML204,Lịch sử Đảng,7.3,2
NA151,Khoa học môi trường,8.1,2
NW212,Mạng máy tính,0.0,2
PG106,GDTC: Bóng bàn cơ bản,6.6,1
PG113,GDTC: Bóng rổ cơ bản,5.9,1
PG115,GDTC: Bóng chuyền cơ bản,0.0,1
PG118,GDTC: Thể dục cơ bản,6.2,1
SH131,Pháp luật đại cương,7.3,2
VL101,Tiếng Việt thực hành,7.7,2
CS315,Nguyên lý hệ điều hành,9.0,3
IS332,Phân tích thiết kế hướng đối tượng,0.0,3
