Mã HP,Tên HP,Điểm,Số TC
AD204A,Ẩm thực Việt Nam,8.3,3
CF231,Lý thuyết thông tin và mã hóa,7.6,2
CS100,Tin đại cương,5.7,2
CS121,Ngôn ngữ lập trình,5.0,3
CS122,Lập trình hướng đối tượng,5.0,3
EC102,Nhập môn kinh tế học,5.0,2
GE100,Tiếng Anh cho người mới bắt đầu,5.0,2
GE101A,Tiếng Anh sơ cấp 1,5.0,2
GE102A,Tiếng Anh sơ cấp 2,5.0,2
GE201A,Tiếng Anh sơ trung cấp 1,5.1,2
GE202,Tiếng Anh sơ trung cấp 2,-1.0,2
GF101,Tiếng Pháp 1,6.1,2
GF102,Tiếng Pháp 2,5.9,2
IM001,Kỹ năng CNTT cơ bản,4.0,0
IM201,Kỹ năng soạn thảo VB (MS office),8.5,3
IS314,Hệ thống thông tin,5.2,3
MA101A,"Logic, suy luận toán học và kỹ thuật đếm",7.1,3
MA103,Số và cấu trúc đại số,7.1,2
ML111,Triết học Mác – Lênin,6.7,2
ML112,Kinh tế chính trị và CNXH khoa học,5.7,3
ML202,Tư tưởng Hồ Chí Minh,7.3,2
ML203,Đường lối cách mạng của Đảng CS Việt Nam,9.0,3
NA151,Khoa học môi trường,7.5,2
PG100,Giáo dục thể chất,6.9,4
PG121,Giáo dục quốc phòng,6.5,4
SE312,Kiểm thử và đảm bảo chất lượng phần mềm,7.6,3
SH131,Pháp luật đại cương,7.5,2
VL101,Tiếng Việt thực hành,6.7,2
AD212,Phương pháp hùng biện và các thủ thuật tranh biện,7.0,3
CF212,Cấu trúc dữ liệu,5.3,3
CF301,Ngôn ngữ hình thức và Otomat,6.4,3
CS110,Kỹ thuật số,6.2,2
CS212,Kiến trúc máy tính,7.6,3
CS223,Lập trình Java,7.6,3
CS315,Nguyên lý hệ điều hành,7.1,3
IS222,Cơ sở dữ liệu,7.2,3
IS322,Hệ quản trị cơ sở dữ liệu,5.0,3
IS332,Phân tích thiết kế hướng đối tượng,6.7,3
MA110,Giải tích 1,6.7,3
MA111,Giải tích 2,5.1,3
MA120,Đại số tuyến tính,5.3,3
MA231,Xác suất thống kê ứng dụng,5.0,4
MI201,Toán rời rạc,5.0,3
MI312,Đồ họa,6.4,2
MI321,Trí tuệ nhân tạo,6.3,3
MI414,Giao diện người máy,7.9,2
NW212,Mạng máy tính,6.7,2
SE302,Công nghệ phần mềm,8.0,2
SE380,Project,6.9,3
SE422,Quản lý dự án phần mềm,6.6,3
SM201,Phương pháp luận nghiên cứu khoa học,5.0,3
