Mã HP,Tên HP,Điểm,Số TC
CS100,Tin đại cương,6.5,2
CS102,Công dân số,0.1,2
CS110,Kỹ thuật số,5.9,2
CS121,Ngôn ngữ lập trình,8.2,3
CS122,Lập trình hướng đối tượng,7.5,3
CS212,Kiến trúc máy tính,6.5,3
EC102,Nhập môn kinh tế học,0.0,2
GE111,Tiếng Anh sơ cấp 1,4.6,2
GE112,Tiếng Anh sơ cấp 2,5.0,2
GE121,Tiếng Anh sơ trung cấp 1,5.2,2
GE222,Tiếng Anh sơ trung cấp 2,5.2,2
GJ101,Tiếng Nhật 1,4.4,2
GJ102,Tiếng Nhật 2,3.2,2
IS222,Cơ sở dữ liệu,0.0,3
MA101,"Logic, suy luận toán học và kỹ thuật đếm",8.0,3
MA104,Số và cấu trúc đại số,6.4,3
MA110,Giải tích 1,0.0,3
MA120,Đại số tuyến tính,3.7,3
MA239,Xác suất thống kê,8.2,4
ML113,Triết học Mác - Lênin,9.7,3
ML114,Kinh tế chính trị Mác - Lênin,9.0,2
ML115,Chủ nghĩa xã hội khoa học,8.0,2
ML202,Tư tưởng Hồ Chí Minh,0.0,2
ML204,Lịch sử Đảng,8.5,2
NA151,Khoa học môi trường,9.1,2
NW212,Mạng máy tính,0.0,2
PG115,GDTC: Bóng chuyền cơ bản,8.0,1
PG118,GDTC: Thể dục cơ bản,10.0,1
SH131,Pháp luật đại cương,8.4,2
VL101,Tiếng Việt thực hành,7.7,2
CS315,Nguyên lý hệ điều hành,0.0,3
