Mã HP,Tên HP,Điểm,Số TC
CS100,Tin đại cương,5.7,2
CS121,Ngôn ngữ lập trình,-1.0,3
CS122,Lập trình hướng đối tượng,-1.0,3
EC102,Nhập môn kinh tế học,3.7,2
GE100,Tiếng Anh cho người mới bắt đầu,9.6,2
GE101A,Tiếng Anh sơ cấp 1,9.2,2
GE102A,Tiếng Anh sơ cấp 2,8.0,2
GE201A,Tiếng Anh sơ trung cấp 1,6.2,2
GE202A,Tiếng Anh sơ trung cấp 2,5.1,2
IM001,Kỹ năng CNTT cơ bản,0.0,0
MA101A,"Logic, suy luận toán học và kỹ thuật đếm",3.7,3
MA103,Số và cấu trúc đại số,-1.0,2
ML111,Triết học Mác – Lênin,1.8,2
ML112,Kinh tế chính trị và CNXH khoa học,-1.0,3
NA151,Khoa học môi trường,2.7,2
PG106,GDTC: Bóng bàn cơ bản,-1.0,1
PG118,GDTC: Thể dục cơ bản,-1.0,1
PG122,GDQP: Đường lối quân sự của Đảng,-1.0,1
PG123,GDQP: Công tác quốc phòng - an ninh,-1.0,1
PG124,GDQP: Quân sự chung,7.0,1
PG125,GDQP: Kỹ thuật bắn súng,0.0,1
SH131,Pháp luật đại cương,2.3,2
VL101,Tiếng Việt thực hành,2.3,2
CS110,Kỹ thuật số,1.6,2
CS212,Kiến trúc máy tính,-1.0,3
MA120,Đại số tuyến tính,-1.0,3
MI201,Toán rời rạc,-1.0,3
