Mã HP,Tên HP,Điểm,Số TC
CF231,Lý thuyết thông tin và mã hóa,2.3,2
CS100,Tin đại cương,7.0,2
CS121,Ngôn ngữ lập trình,6.1,3
CS122,Lập trình hướng đối tượng,5.8,3
EC102,Nhập môn kinh tế học,5.6,2
GE101,Tiếng Anh sơ cấp 1,7.2,2
GE102,Tiếng Anh sơ cấp 2,6.0,2
GJ101,Tiếng Nhật 1,5.5,2
GJ102,Tiếng Nhật 2,8.4,2
IM001,Kỹ năng CNTT cơ bản,5.0,0
IP401,Thực tập ngành Khoa học máy tính,0.0,2
IS314,Hệ thống thông tin,6.0,3
MA101,"Logic, suy luận toán học và kỹ thuật đếm",7.1,3
MA103,Số và cấu trúc đại số,5.3,2
MI322,Trí tuệ nhân tạo và công nghệ tri thức,7.5,3
ML111,Triết học Mác – Lênin,6.9,2
ML112,Kinh tế chính trị và CNXH khoa học,6.3,3
ML202,Tư tưởng Hồ Chí Minh,8.2,2
ML203,Đường lối cách mạng của Đảng CS Việt Nam,7.4,3
NA151,Khoa học môi trường,8.0,2
PG100,Giáo dục thể chất,9.0,4
PG121,Giáo dục quốc phòng,6.6,4
SE312,Kiểm thử và đảm bảo chất lượng phần mềm,6.7,3
SH131,Pháp luật đại cương,5.8,2
VL101,Tiếng Việt thực hành,7.0,2
AD216,Kỹ năng sống,7.4,3
CF211,Phân tích và thiết kế thuật toán,8.0,2
CF212,Cấu trúc dữ liệu,9.0,3
CF301,Ngôn ngữ hình thức và Otomat,2.4,3
CS110,Kỹ thuật số,5.2,2
CS212,Kiến trúc máy tính,1.5,3
CS223,Lập trình Java,7.0,3
CS315,Nguyên lý hệ điều hành,7.2,3
IS222,Cơ sở dữ liệu,6.1,3
IS322,Hệ quản trị cơ sở dữ liệu,4.3,3
IS326,Khai phá dữ liệu,-1.0,3
IS332,Phân tích thiết kế hướng đối tượng,5.7,3
IT333,Công nghệ Web,5.9,3
MA110,Giải tích 1,4.0,3
MA111,Giải tích 2,4.0,3
MA120,Đại số tuyến tính,5.4,3
MA230,Xác suất,5.8,3
MA231,Xác suất thống kê ứng dụng,-1.0,4
MI201,Toán rời rạc,5.0,3
MI312,Đồ họa,7.0,2
NW212,Mạng máy tính,5.0,2
SE302,Công nghệ phần mềm,8.4,2
SE380,Project,7.4,3
SE422,Quản lý dự án phần mềm,7.3,3
SM201,Phương pháp luận nghiên cứu khoa học,7.9,3
