Mã HP,Tên HP,Điểm,Số TC
CS100,Tin đại cương,7.0,2
CS121,Ngôn ngữ lập trình,1.5,3
GE101,Tiếng Anh sơ cấp 1,7.4,2
GE102,Tiếng Anh sơ cấp 2,5.5,2
GJ101,Tiếng Nhật 1,7.3,2
MA101,"Logic, suy luận toán học và kỹ thuật đếm",7.4,3
MA104,Số và cấu trúc đại số,5.5,3
ML113,Triết học Mác - Lênin,8.0,3
ML114,Kinh tế chính trị Mác - Lênin,8.8,2
NA151,Khoa học môi trường,9.4,2
PG122,GDQP: Đường lối quân sự của Đảng,5.0,1
PG123,GDQP: Công tác quốc phòng - an ninh,5.0,1
PG124,GDQP: Quân sự chung,6.0,1
PG125,GDQP: Kỹ thuật bắn súng,-1.0,1
SH131,Pháp luật đại cương,9.2,2
CS110,Kỹ thuật số,3.0,2
MA120,Đại số tuyến tính,5.5,3
