Mã HP,Tên HP,Điểm,Số TC
CF212,Cấu trúc dữ liệu,-1.0,3
CF213,Cấu trúc dữ liệu và giải thuật,1.3,4
CS100,Tin đại cương,7.2,2
CS102,Công dân số,6.7,2
CS110,Kỹ thuật số,5.9,2
CS121,Ngôn ngữ lập trình,4.8,3
CS122,Lập trình hướng đối tượng,7.3,3
CS212,Kiến trúc máy tính,5.8,3
EC102,Nhập môn kinh tế học,7.3,2
GE101,Tiếng Anh sơ cấp 1,6.5,2
GE102,Tiếng Anh sơ cấp 2,5.2,2
GE103,Tiếng Anh sơ cấp 3,7.1,2
GE201,Tiếng Anh sơ trung cấp 1,6.4,2
GE202,Tiếng Anh sơ trung cấp 2,8.0,2
GE205,Tiếng Anh sơ trung cấp 3,5.4,2
GE232,Tiếng Anh trung cấp 2,1.9,2
GE301,Tiếng Anh trung cấp 1,5.0,2
GF101,Tiếng Pháp 1,9.0,2
GF102,Tiếng Pháp 2,6.2,2
IS222,Cơ sở dữ liệu,5.4,3
IS314,Hệ thống thông tin,6.9,3
IS322,Hệ quản trị cơ sở dữ liệu,4.9,3
IS330,Dữ liệu lớn,6.7,2
IT333,Công nghệ Web,2.0,3
MA101,"Logic, suy luận toán học và kỹ thuật đếm",5.6,3
MA104,Số và cấu trúc đại số,6.9,3
MA110,Giải tích 1,5.4,3
MA111,Giải tích 2,6.7,3
MA120,Đại số tuyến tính,4.5,3
MA231,Xác suất thống kê ứng dụng,4.8,4
MI201,Toán rời rạc,7.1,3
ML113,Triết học Mác - Lênin,7.7,3
ML114,Kinh tế chính trị Mác - Lênin,9.2,2
ML115,Chủ nghĩa xã hội khoa học,9.5,2
ML202,Tư tưởng Hồ Chí Minh,7.5,2
ML204,Lịch sử Đảng,8.3,2
NA151,Khoa học môi trường,9.3,2
NW212,Mạng máy tính,5.0,2
PG102,GDTC: Thể dục cổ truyền cơ bản,5.6,1
PG106,GDTC: Bóng bàn cơ bản,5.0,1
PG115,GDTC: Bóng chuyền cơ bản,2.1,1
PG118,GDTC: Thể dục cơ bản,7.3,1
SH131,Pháp luật đại cương,6.7,2
VL101,Tiếng Việt thực hành,8.6,2
AD216,Kỹ năng sống,3.6,3
AD240,Nhiếp ảnh cơ bản,10.0,3
CS314,Lập trình ứng dụng di động,7.0,2
CS315,Nguyên lý hệ điều hành,7.6,3
IS332,Phân tích thiết kế hướng đối tượng,7.9,3
IT380,Dự án Công nghệ thông tin,8.0,2
