Mã HP,Tên HP,Điểm,Số TC
CS100,Tin đại cương,8.4,2
CS102,Công dân số,3.3,2
CS121,Ngôn ngữ lập trình,6.4,3
CS122,Lập trình hướng đối tượng,4.0,3
EC102,Nhập môn kinh tế học,6.6,2
GE111,Tiếng Anh sơ cấp 1,6.1,2
GE112,Tiếng Anh sơ cấp 2,5.2,2
GZ101,Tiếng Trung 1,0.0,2
MA101,"Logic, suy luận toán học và kỹ thuật đếm",10.0,3
MA104,Số và cấu trúc đại số,10.0,3
MA239,Xác suất thống kê,0.0,4
ML113,Triết học Mác - Lênin,8.7,3
ML114,Kinh tế chính trị Mác - Lênin,7.9,2
ML115,Chủ nghĩa xã hội khoa học,9.2,2
ML204,Lịch sử Đảng,8.9,2
NA151,Khoa học môi trường,8.8,2
PG115,GDTC: Bóng chuyền cơ bản,8.3,1
PG118,GDTC: Thể dục cơ bản,7.6,1
PG121,Giáo dục quốc phòng,6.6,4
SH131,Pháp luật đại cương,8.9,2
VL101,Tiếng Việt thực hành,6.8,2
CS110,Kỹ thuật số,4.0,2
CS212,Kiến trúc máy tính,8.3,3
CS315,Nguyên lý hệ điều hành,0.0,3
IS222,Cơ sở dữ liệu,7.6,3
MA110,Giải tích 1,6.8,3
MA120,Đại số tuyến tính,7.2,3
MI201,Toán rời rạc,0.0,3
NW212,Mạng máy tính,0.0,2
