Mã HP,Tên HP,Điểm,Số TC
CS100,Tin đại cương,5.0,2
CS102,Công dân số,7.9,2
CS121,Ngôn ngữ lập trình,4.0,3
CS122,Lập trình hướng đối tượng,8.2,3
EC102,Nhập môn kinh tế học,7.2,2
GE101,Tiếng Anh sơ cấp 1,6.2,2
GE102,Tiếng Anh sơ cấp 2,4.6,2
GE103,Tiếng Anh sơ cấp 3,7.2,2
GE201,Tiếng Anh sơ trung cấp 1,6.3,2
GE202,Tiếng Anh sơ trung cấp 2,7.2,2
GE205,Tiếng Anh sơ trung cấp 3,4.5,2
GE301,Tiếng Anh trung cấp 1,4.5,2
GE303,Tiếng Anh trung cấp 2,4.6,2
GE333,Tiếng Anh trung cấp 3,4.8,2
GZ101,Tiếng Trung 1,9.0,2
GZ102,Tiếng Trung 2,4.7,2
IS317,Hạ tầng công nghệ thông tin,9.0,2
IS325,Cơ sở dữ liệu phân tán,4.6,2
MA101,"Logic, suy luận toán học và kỹ thuật đếm",3.9,3
MA104,Số và cấu trúc đại số,3.4,3
MI322,Trí tuệ nhân tạo và công nghệ tri thức,7.0,3
ML113,Triết học Mác - Lênin,8.4,3
ML114,Kinh tế chính trị Mác - Lênin,9.1,2
ML115,Chủ nghĩa xã hội khoa học,8.8,2
ML202,Tư tưởng Hồ Chí Minh,9.5,2
ML204,Lịch sử Đảng,9.0,2
NA151,Khoa học môi trường,8.8,2
PG100,Giáo dục thể chất,5.5,4
PG121,Giáo dục quốc phòng,5.8,4
SH131,Pháp luật đại cương,8.4,2
VL101,Tiếng Việt thực hành,9.0,2
AD240,Nhiếp ảnh cơ bản,9.0,3
AD241,Dẫn chương trình (MC),9.3,3
CF212,Cấu trúc dữ liệu,6.3,3
CS110,Kỹ thuật số,5.8,2
CS212,Kiến trúc máy tính,1.4,3
CS315,Nguyên lý hệ điều hành,8.0,3
IP408,Thực tập tốt nghiệp ngành Hệ thống thông tin,0.0,3
IS222,Cơ sở dữ liệu,8.0,3
IS314,Hệ thống thông tin,6.7,3
IS315,Mô hình hóa quy trình nghiệp vụ,8.0,2
IS322,Hệ quản trị cơ sở dữ liệu,5.7,3
IS327,Kho dữ liệu,2.7,3
IS332,Phân tích thiết kế hướng đối tượng,6.6,3
IS334,Quản lý dự án hệ thống thông tin,6.8,3
IS383,Hệ thống thông tin nâng cao,6.7,2
IS480,Kiến trúc doanh nghiệp,8.5,3
MA110,Giải tích 1,2.1,3
MA111,Giải tích 2,3.6,3
MA120,Đại số tuyến tính,4.9,3
MA231,Xác suất thống kê ứng dụng,3.9,4
MI201,Toán rời rạc,6.3,3
NW212,Mạng máy tính,4.5,2
SE302,Công nghệ phần mềm,2.4,2
