Mã HP,Tên HP,Điểm,Số TC
CS100,Tin đại cương,9.5,2
CS102,Công dân số,0.0,2
CS110,Kỹ thuật số,4.0,2
CS121,Ngôn ngữ lập trình,9.2,3
CS122,Lập trình hướng đối tượng,4.0,3
CS212,Kiến trúc máy tính,7.5,3
GE111,Tiếng Anh sơ cấp 1,6.5,2
GE112,Tiếng Anh sơ cấp 2,5.9,2
GE121,Tiếng Anh sơ trung cấp 1,6.1,2
IS222,Cơ sở dữ liệu,7.2,3
MA101,"Logic, suy luận toán học và kỹ thuật đếm",9.1,3
MA104,Số và cấu trúc đại số,7.5,3
MA110,Giải tích 1,4.4,3
MA120,Đại số tuyến tính,6.8,3
MA239,Xác suất thống kê,0.0,4
MI201,Toán rời rạc,4.0,3
ML113,Triết học Mác - Lênin,9.4,3
ML114,Kinh tế chính trị Mác - Lênin,7.9,2
ML115,Chủ nghĩa xã hội khoa học,9.0,2
ML204,Lịch sử Đảng,9.1,2
NA151,Khoa học môi trường,8.6,2
NW212,Mạng máy tính,0.0,2
PG113,GDTC: Bóng rổ cơ bản,0.0,1
PG115,GDTC: Bóng chuyền cơ bản,0.0,1
PG118,GDTC: Thể dục cơ bản,10.0,1
SH131,Pháp luật đại cương,8.7,2
VL101,Tiếng Việt thực hành,8.1,2
CS315,Nguyên lý hệ điều hành,0.0,3
