Mã HP,Tên HP,Điểm,Số TC
CS100,Tin đại cương,6.3,2
CS121,Ngôn ngữ lập trình,1.2,3
GE101,Tiếng Anh sơ cấp 1,8.0,2
GE102,Tiếng Anh sơ cấp 2,7.1,2
GE103,Tiếng Anh sơ cấp 3,-1.0,2
GJ101,Tiếng Nhật 1,-1.0,2
MA101,"Logic, suy luận toán học và kỹ thuật đếm",4.1,3
ML113,Triết học Mác - Lênin,2.8,3
NA151,Khoa học môi trường,3.0,2
PG122,GDQP: Đường lối quân sự của Đảng,5.0,1
PG123,GDQP: Công tác quốc phòng - an ninh,6.0,1
PG124,GDQP: Quân sự chung,-1.0,1
PG125,GDQP: Kỹ thuật bắn súng,-1.0,1
SH131,Pháp luật đại cương,5.9,2
