Mã HP,Tên HP,Điểm,Số TC
CF231,Lý thuyết thông tin và mã hóa,5.9,2
CS100,Tin đại cương,8.8,2
CS102,Công dân số,5.3,2
CS121,Ngôn ngữ lập trình,6.7,3
CS122,Lập trình hướng đối tượng,6.9,3
CS320,Học máy,4.2,3
EC102,Nhập môn kinh tế học,5.4,2
GE101,Tiếng Anh sơ cấp 1,8.7,2
GE102,Tiếng Anh sơ cấp 2,8.1,2
GE103,Tiếng Anh sơ cấp 3,7.8,2
GE201,Tiếng Anh sơ trung cấp 1,5.2,2
GE202,Tiếng Anh sơ trung cấp 2,6.0,2
GE205,Tiếng Anh sơ trung cấp 3,7.3,2
GE301,Tiếng Anh trung cấp 1,6.6,2
GE303,Tiếng Anh trung cấp 2,5.6,2
GE305,Tiếng Anh trung cấp 3,6.2,2
GJ101,Tiếng Nhật 1,8.7,2
GJ102,Tiếng Nhật 2,7.6,2
IP401,Thực tập ngành Khoa học máy tính,8.5,2
IS314,Hệ thống thông tin,8.8,3
MA101,"Logic, suy luận toán học và kỹ thuật đếm",6.2,3
MA104,Số và cấu trúc đại số,5.7,3
MI322,Trí tuệ nhân tạo và công nghệ tri thức,9.0,3
ML111,Triết học Mác – Lênin,8.8,2
ML112,Kinh tế chính trị và CNXH khoa học,7.0,3
ML202,Tư tưởng Hồ Chí Minh,7.7,2
ML204,Lịch sử Đảng,9.6,2
NA151,Khoa học môi trường,9.1,2
PG100,Giáo dục thể chất,8.6,4
PG121,Giáo dục quốc phòng,6.4,4
SE312,Kiểm thử và đảm bảo chất lượng phần mềm,7.6,3
SH131,Pháp luật đại cương,6.8,2
VL101,Tiếng Việt thực hành,7.8,2
AD216,Kỹ năng sống,9.4,3
CF211,Phân tích và thiết kế thuật toán,7.2,2
CF212,Cấu trúc dữ liệu,8.0,3
CS110,Kỹ thuật số,8.4,2
CS212,Kiến trúc máy tính,9.0,3
CS223,Lập trình Java,8.6,3
CS315,Nguyên lý hệ điều hành,7.3,3
CS321,Nhập môn khoa học dữ liệu,8.5,2
FN334,Đầu tư chứng khoán,7.8,2
IS222,Cơ sở dữ liệu,9.0,3
IS322,Hệ quản trị cơ sở dữ liệu,5.2,3
IS332,Phân tích thiết kế hướng đối tượng,7.0,3
IT320,Phát triển ứng dụng với Python,1.5,3
MA110,Giải tích 1,6.0,3
MA111,Giải tích 2,7.4,3
MA120,Đại số tuyến tính,8.0,3
MA231,Xác suất thống kê ứng dụng,6.3,4
MI201,Toán rời rạc,6.4,3
MI312,Đồ họa,10.0,2
NW212,Mạng máy tính,7.1,2
SE302,Công nghệ phần mềm,7.8,2
SE380,Project,7.7,3
SE422,Quản lý dự án phần mềm,7.8,3
SE487,CĐTN: Phát triển phần mềm,0.0,6
