Mã HP,Tên HP,Điểm,Số TC
CS100,Tin đại cương,-1.0,2
CS121,Ngôn ngữ lập trình,3.0,3
GE101,Tiếng Anh sơ cấp 1,6.5,2
GE102,Tiếng Anh sơ cấp 2,-1.0,2
GI101,Tiếng Ý 1,-1.0,2
MA101,"Logic, suy luận toán học và kỹ thuật đếm",-1.0,3
MA104,Số và cấu trúc đại số,-1.0,3
ML111,Triết học Mác – Lênin,7.1,2
ML112,Kinh tế chính trị và CNXH khoa học,-1.0,3
ML202,Tư tưởng Hồ Chí Minh,-1.0,2
PG121,Giáo dục quốc phòng,7.2,4
SH131,Pháp luật đại cương,2.0,2
CS110,Kỹ thuật số,-1.0,2
MA120,Đại số tuyến tính,2.3,3
