Mã HP,Tên HP,Điểm,Số TC
CS100,Tin đại cương,5.7,2
CS121,Ngôn ngữ lập trình,-1.0,3
GE101,Tiếng Anh sơ cấp 1,7.2,2
GE102,Tiếng Anh sơ cấp 2,-1.0,2
MA101,"Logic, suy luận toán học và kỹ thuật đếm",6.8,3
MA120,Đại số tuyến tính,-1.0,3
ML113,Triết học Mác - Lênin,9.2,3
ML114,Kinh tế chính trị Mác - Lênin,3.0,2
NA151,Khoa học môi trường,-1.0,2
SH131,Pháp luật đại cương,9.2,2
VL101,Tiếng Việt thực hành,2.5,2
