Mã HP,Tên HP,Điểm,Số TC
CS100,Tin đại cương,4.6,2
CS102,Công dân số,3.1,2
CS121,Ngôn ngữ lập trình,6.4,3
CS122,Lập trình hướng đối tượng,3.7,3
EC102,Nhập môn kinh tế học,7.4,2
GE111,Tiếng Anh sơ cấp 1,4.9,2
GE112,Tiếng Anh sơ cấp 2,4.4,2
GJ101,Tiếng Nhật 1,8.4,2
GJ102,Tiếng Nhật 2,4.0,2
MA101,"Logic, suy luận toán học và kỹ thuật đếm",6.9,3
MA104,Số và cấu trúc đại số,5.9,3
MA239,Xác suất thống kê,0.0,4
ML113,Triết học Mác - Lênin,8.5,3
ML114,Kinh tế chính trị Mác - Lênin,8.7,2
ML115,Chủ nghĩa xã hội khoa học,7.6,2
ML202,Tư tưởng Hồ Chí Minh,0.0,2
ML204,Lịch sử Đảng,8.9,2
NA151,Khoa học môi trường,8.0,2
PG102,GDTC: Thể dục cổ truyền cơ bản,0.0,1
PG115,GDTC: Bóng chuyền cơ bản,0.0,1
PG118,GDTC: Thể dục cơ bản,7.3,1
PG121,Giáo dục quốc phòng,7.0,4
SH131,Pháp luật đại cương,8.4,2
VL101,Tiếng Việt thực hành,7.4,2
CS110,Kỹ thuật số,6.8,2
CS212,Kiến trúc máy tính,6.1,3
IS222,Cơ sở dữ liệu,6.8,3
MA110,Giải tích 1,4.0,3
MA111,Giải tích 2,0.0,3
MA120,Đại số tuyến tính,5.3,3
MI201,Toán rời rạc,7.4,3
