Mã HP,Tên HP,Điểm,Số TC
CS100,Tin đại cương,2.3,2
CS121,Ngôn ngữ lập trình,6.8,3
CS122,Lập trình hướng đối tượng,-1.0,3
EC102,Nhập môn kinh tế học,5.2,2
GE100,Tiếng Anh cho người mới bắt đầu,5.1,2
GE101A,Tiếng Anh sơ cấp 1,-1.0,2
GJ101,Tiếng Nhật 1,-1.0,2
IM201,Kỹ năng soạn thảo VB (MS office),-1.0,3
MA101A,"Logic, suy luận toán học và kỹ thuật đếm",-1.0,3
MA103,Số và cấu trúc đại số,4.0,2
ML111,Triết học Mác – Lênin,4.0,2
ML112,Kinh tế chính trị và CNXH khoa học,3.8,3
ML202,Tư tưởng Hồ Chí Minh,7.6,2
ML203,Đường lối cách mạng của Đảng CS Việt Nam,-1.0,3
NA151,Khoa học môi trường,6.8,2
PG110,GDTC: Bơi cơ bản,2.4,1
PG118,GDTC: Thể dục cơ bản,7.6,1
PG122,GDQP: Đường lối quân sự của Đảng,-1.0,1
PG123,GDQP: Công tác quốc phòng - an ninh,5.3,1
PG124,GDQP: Quân sự chung,5.6,1
PG125,GDQP: Kỹ thuật bắn súng,5.6,1
SH131,Pháp luật đại cương,6.3,2
VL101,Tiếng Việt thực hành,6.0,2
MA120,Đại số tuyến tính,-1.0,3
