Mã HP,Tên HP,Điểm,Số TC
CS100,Tin đại cương,5.6,2
CS121,Ngôn ngữ lập trình,2.6,3
CS122,Lập trình hướng đối tượng,-1.0,3
EC102,Nhập môn kinh tế học,-1.0,2
GE100,Tiếng Anh cho người mới bắt đầu,2.6,2
GE101A,Tiếng Anh sơ cấp 1,3.5,2
GZ101,Tiếng Trung 1,5.0,2
IM201,Kỹ năng soạn thảo VB (MS office),-1.0,3
MA101A,"Logic, suy luận toán học và kỹ thuật đếm",1.8,3
MA103,Số và cấu trúc đại số,1.6,2
ML111,Triết học Mác – Lênin,6.9,2
ML112,Kinh tế chính trị và CNXH khoa học,4.7,3
ML202,Tư tưởng Hồ Chí Minh,6.2,2
NA151,Khoa học môi trường,7.0,2
PG118,GDTC: Thể dục cơ bản,-1.0,1
PG122,GDQP: Đường lối quân sự của Đảng,-1.0,1
PG123,GDQP: Công tác quốc phòng - an ninh,-1.0,1
PG124,GDQP: Quân sự chung,7.0,1
PG125,GDQP: Kỹ thuật bắn súng,7.0,1
SH131,Pháp luật đại cương,5.2,2
VL101,Tiếng Việt thực hành,5.0,2
CS110,Kỹ thuật số,1.7,2
IS222,Cơ sở dữ liệu,-1.0,3
MA120,Đại số tuyến tính,2.3,3
