Mã HP,Tên HP,Điểm,Số TC
CS100A,Nhập môn khoa học máy tính,5.7,2
CS121,Ngôn ngữ lập trình,5.7,3
CS122,Lập trình hướng đối tượng,0.0,3
EC101,Kinh tế học đại cương,5.0,3
FN201A,Lý thuyết tài chính tiền tệ,5.0,2
GE101A,Tiếng Anh sơ cấp 1,5.0,2
GE102A,Tiếng Anh sơ cấp 2,5.6,2
GE201A,Tiếng Anh sơ trung cấp 1,5.9,2
GE202A,Tiếng Anh sơ trung cấp 2,5.0,2
GF101,Tiếng Pháp 1,7.5,2
GF102,Tiếng Pháp 2,6.4,2
MA100A,Toán 1,5.5,2
ML111,Triết học Mác – Lênin,6.3,2
ML112,Kinh tế chính trị và CNXH khoa học,7.5,3
ML202,Tư tưởng Hồ Chí Minh,6.2,2
ML203,Đường lối cách mạng của Đảng CS Việt Nam,7.7,3
NA151,Khoa học môi trường,5.0,2
PG100,Giáo dục thể chất,6.7,4
PG121,Giáo dục quốc phòng,7.0,4
SH131,Pháp luật đại cương,6.0,2
AC201,Nguyên lý kế toán,3.6,3
AC210,Kế toán doanh nghiệp,5.8,3
AD211,Văn hóa Hà Nội,7.0,2
BA101,Quản trị học,6.0,2
CF201,Lý thuyết thuật toán,4.0,3
CS110,Kỹ thuật số,6.0,2
CS212A,Kiến trúc máy tính 1,5.0,2
CS315,Nguyên lý hệ điều hành,5.0,3
CS316,Hệ điều hành Unix,5.5,3
CS325,Lập trình PHP,5.0,3
EC202,Kinh tế vi mô,5.5,2
EC203,Kinh tế vĩ mô,6.0,2
FN211D,Nhập môn tài chính doanh nghiệp,1.3,2
FN221,Tài chính công,9.0,2
IS222,Cơ sở dữ liệu,5.4,3
IS223A,Cơ sở dữ liệu 2,6.0,2
IS322E,Hệ quản trị cơ sở dữ liệu,5.0,4
IS332,Phân tích thiết kế hướng đối tượng,5.0,3
IS333,Phân tích thiết kế hệ thống thông tin,8.5,2
MA110A,Giải tích 1A,2.0,2
MA111A,Giải tích 2A,4.4,2
MA142,"Đại số tuyến tính, giải tích và ứng dụng trong kinh tế",1.6,4
MA212,Phương trình vi phân,5.0,2
MA231,Xác suất thống kê ứng dụng,4.0,4
MI201,Toán rời rạc,5.0,3
MI312,Đồ họa,5.0,2
MK201,Nguyên lý marketing,7.3,2
NW212,Mạng máy tính,9.0,2
NW312A,Thiết kế quản trị mạng,5.0,4
NW332A,An toàn mạng,6.6,4
NW439,CĐTN: An toàn mạng,7.8,6
PE201,Tiếng Anh trong tin học 1A,5.0,2
PE302,Tiếng Anh trong tin học 1B,5.0,2
SE302,Công nghệ phần mềm,5.0,2
