Mã HP,Tên HP,Điểm,Số TC
CF213,Cấu trúc dữ liệu và giải thuật,0.0,4
CS100,Tin đại cương,7.0,2
CS110,Kỹ thuật số,6.0,2
CS121,Ngôn ngữ lập trình,9.7,3
CS122,Lập trình hướng đối tượng,7.7,3
CS212,Kiến trúc máy tính,0.0,3
EC102,Nhập môn kinh tế học,0.0,2
GE111,Tiếng Anh sơ cấp 1,6.0,2
GE112,Tiếng Anh sơ cấp 2,5.6,2
GE121,Tiếng Anh sơ trung cấp 1,5.3,2
GE222,Tiếng Anh sơ trung cấp 2,5.7,2
GJ101,Tiếng Nhật 1,9.7,2
IS222,Cơ sở dữ liệu,8.0,3
MA101,"Logic, suy luận toán học và kỹ thuật đếm",8.1,3
MA104,Số và cấu trúc đại số,8.0,3
MA110,Giải tích 1,6.7,3
MA120,Đại số tuyến tính,8.5,3
MI201,Toán rời rạc,0.0,3
ML113,Triết học Mác - Lênin,9.3,3
ML114,Kinh tế chính trị Mác - Lênin,9.1,2
ML115,Chủ nghĩa xã hội khoa học,9.1,2
ML204,Lịch sử Đảng,8.7,2
NA151,Khoa học môi trường,8.9,2
PG113,GDTC: Bóng rổ cơ bản,8.6,1
PG115,GDTC: Bóng chuyền cơ bản,0.0,1
PG118,GDTC: Thể dục cơ bản,0.0,1
SH131,Pháp luật đại cương,9.1,2
VL101,Tiếng Việt thực hành,7.6,2
