Mã HP,Tên HP,Điểm,Số TC
CF231,Lý thuyết thông tin và mã hóa,4.1,2
CS100,Tin đại cương,5.4,2
CS101,Công dân số,9.0,2
CS121,Ngôn ngữ lập trình,5.9,3
CS122,Lập trình hướng đối tượng,7.5,3
EC102,Nhập môn kinh tế học,5.8,2
GE101,Tiếng Anh sơ cấp 1,5.2,2
GE102,Tiếng Anh sơ cấp 2,7.9,2
GE103,Tiếng Anh sơ cấp 3,7.9,2
GE201,Tiếng Anh sơ trung cấp 1,7.5,2
GE202,Tiếng Anh sơ trung cấp 2,8.1,2
GE205,Tiếng Anh sơ trung cấp 3,4.8,2
GE301,Tiếng Anh trung cấp 1,4.5,2
GE303,Tiếng Anh trung cấp 2,4.3,2
GE333,Tiếng Anh trung cấp 3,5.3,2
GZ101,Tiếng Trung 1,8.1,2
GZ102,Tiếng Trung 2,4.3,2
IP401,Thực tập ngành Khoa học máy tính,0.0,2
IS314,Hệ thống thông tin,7.1,3
MA101,"Logic, suy luận toán học và kỹ thuật đếm",7.7,3
MA104,Số và cấu trúc đại số,4.5,3
MI322,Trí tuệ nhân tạo và công nghệ tri thức,8.5,3
ML113,Triết học Mác - Lênin,9.8,3
ML114,Kinh tế chính trị Mác - Lênin,9.0,2
ML115,Chủ nghĩa xã hội khoa học,9.0,2
ML202,Tư tưởng Hồ Chí Minh,8.7,2
ML204,Lịch sử Đảng,9.3,2
NA151,Khoa học môi trường,9.3,2
PG100,Giáo dục thể chất,7.7,4
PG121,Giáo dục quốc phòng,7.3,4
SH131,Pháp luật đại cương,9.3,2
VL101,Tiếng Việt thực hành,7.6,2
AD213,Hát – Nhạc,8.0,3
AD216,Kỹ năng sống,9.7,3
CF211,Phân tích và thiết kế thuật toán,6.5,2
CF212,Cấu trúc dữ liệu,6.7,3
CS110,Kỹ thuật số,4.7,2
CS212,Kiến trúc máy tính,6.8,3
CS315,Nguyên lý hệ điều hành,10.0,3
CS321,Nhập môn khoa học dữ liệu,7.7,2
CS425,Một số vấn đề hiện đại trong khoa học máy tính,9.0,2
IS222,Cơ sở dữ liệu,7.9,3
IS322,Hệ quản trị cơ sở dữ liệu,5.4,3
IS332,Phân tích thiết kế hướng đối tượng,7.7,3
IS345,An toàn thông tin,2.7,3
IT333,Công nghệ Web,9.0,3
MA110,Giải tích 1,6.8,3
MA111,Giải tích 2,6.9,3
MA120,Đại số tuyến tính,8.4,3
MA231,Xác suất thống kê ứng dụng,6.1,4
MI201,Toán rời rạc,7.6,3
MI312,Đồ họa,8.1,2
NW212,Mạng máy tính,4.5,2
SE302,Công nghệ phần mềm,8.5,2
SE487,CĐTN: Phát triển phần mềm,0.0,6
