Mã HP,Tên HP,Điểm,Số TC
CS100,Tin đại cương,-1.0,2
CS101,Công dân số,-1.0,2
CS110,Kỹ thuật số,-1.0,2
CS121,Ngôn ngữ lập trình,-1.0,3
CS122,Lập trình hướng đối tượng,-1.0,3
EC102,Nhập môn kinh tế học,-1.0,2
GE101,Tiếng Anh sơ cấp 1,-1.0,2
MA101,"Logic, suy luận toán học và kỹ thuật đếm",1.6,3
MA110,Giải tích 1,-1.0,3
MA120,Đại số tuyến tính,3.2,3
ML113,Triết học Mác - Lênin,3.4,3
NA151,Khoa học môi trường,8.1,2
PG106,GDTC: Bóng bàn cơ bản,1.5,1
PG122,GDQP: Đường lối quân sự của Đảng,2.0,1
PG123,GDQP: Công tác quốc phòng - an ninh,5.0,1
PG124,GDQP: Quân sự chung,5.0,1
PG125,GDQP: Kỹ thuật bắn súng,-1.0,1
SH131,Pháp luật đại cương,2.8,2
VL101,Tiếng Việt thực hành,2.0,2
