Mã HP,Tên HP,Điểm,Số TC
CS100,Tin đại cương,5.3,2
CS102,Công dân số,0.0,2
CS121,Ngôn ngữ lập trình,7.9,3
CS122,Lập trình hướng đối tượng,6.7,3
EC102,Nhập môn kinh tế học,0.0,2
GE111,Tiếng Anh sơ cấp 1,5.4,2
GE112,Tiếng Anh sơ cấp 2,5.2,2
GE121,Tiếng Anh sơ trung cấp 1,5.2,2
GF101,Tiếng Pháp 1,0.0,2
GZ101,Tiếng Trung 1,0.0,2
MA101,"Logic, suy luận toán học và kỹ thuật đếm",7.7,3
MA104,Số và cấu trúc đại số,4.2,3
MA239,Xác suất thống kê,0.0,4
ML113,Triết học Mác - Lênin,8.7,3
ML114,Kinh tế chính trị Mác - Lênin,8.3,2
ML115,Chủ nghĩa xã hội khoa học,8.8,2
ML202,Tư tưởng Hồ Chí Minh,0.0,2
ML204,Lịch sử Đảng,9.2,2
NA151,Khoa học môi trường,8.2,2
PG115,GDTC: Bóng chuyền cơ bản,7.6,1
PG118,GDTC: Thể dục cơ bản,6.5,1
PG121,Giáo dục quốc phòng,6.4,4
SH131,Pháp luật đại cương,8.4,2
VL101,Tiếng Việt thực hành,6.4,2
AD241,Dẫn chương trình (MC),8.9,3
CS110,Kỹ thuật số,6.8,2
CS315,Nguyên lý hệ điều hành,0.0,3
IS222,Cơ sở dữ liệu,7.4,3
IS314,Hệ thống thông tin,9.0,3
MA110,Giải tích 1,0.0,3
MA120,Đại số tuyến tính,3.6,3
