Mã HP,Tên HP,Điểm,Số TC
CS100,Tin đại cương,2.8,2
CS121,Ngôn ngữ lập trình,4.2,3
CS122,Lập trình hướng đối tượng,2.2,3
EC102,Nhập môn kinh tế học,3.4,2
GE111,Tiếng Anh sơ cấp 1,4.3,2
GE112,Tiếng Anh sơ cấp 2,3.9,2
GE121,Tiếng Anh sơ trung cấp 1,-1.0,2
GZ101,Tiếng Trung 1,0.0,2
MA101,"Logic, suy luận toán học và kỹ thuật đếm",3.9,3
MA104,Số và cấu trúc đại số,5.5,3
ML113,Triết học Mác - Lênin,8.1,3
ML114,Kinh tế chính trị Mác - Lênin,5.5,2
ML115,Chủ nghĩa xã hội khoa học,0.0,2
ML204,Lịch sử Đảng,5.1,2
NA151,Khoa học môi trường,-1.0,2
PG118,GDTC: Thể dục cơ bản,7.2,1
PG121,Giáo dục quốc phòng,6.0,4
SH131,Pháp luật đại cương,5.9,2
VL101,Tiếng Việt thực hành,5.6,2
CS110,Kỹ thuật số,4.8,2
CS212,Kiến trúc máy tính,5.6,3
IS222,Cơ sở dữ liệu,-1.0,3
MA110,Giải tích 1,0.0,3
MA120,Đại số tuyến tính,1.9,3
MI201,Toán rời rạc,0.0,3
