Mã HP,Tên HP,Điểm,Số TC
CS100,Tin đại cương,5.0,2
CS121,Ngôn ngữ lập trình,0.0,3
EC102,Nhập môn kinh tế học,-1.0,2
GE100,Tiếng Anh cho người mới bắt đầu,8.6,2
GE101A,Tiếng Anh sơ cấp 1,7.4,2
GE102A,Tiếng Anh sơ cấp 2,-1.0,2
GF101,Tiếng Pháp 1,-1.0,2
MA101A,"Logic, suy luận toán học và kỹ thuật đếm",4.2,3
MA103,Số và cấu trúc đại số,2.4,2
MA300,Toán chuyên ngành truyền thông dữ liệu,-1.0,3
ML111,Triết học Mác – Lênin,1.9,2
ML112,Kinh tế chính trị và CNXH khoa học,-1.0,3
ML202,Tư tưởng Hồ Chí Minh,-1.0,2
NA151,Khoa học môi trường,5.0,2
PG110,GDTC: Bơi cơ bản,1.5,1
PG113,GDTC: Bóng rổ cơ bản,-1.0,1
PG115,GDTC: Bóng chuyền cơ bản,-1.0,1
PG118,GDTC: Thể dục cơ bản,6.5,1
PG122,GDQP: Đường lối quân sự của Đảng,1.5,1
PG123,GDQP: Công tác quốc phòng - an ninh,1.5,1
PG124,GDQP: Quân sự chung,7.0,1
PG125,GDQP: Kỹ thuật bắn súng,7.0,1
SH131,Pháp luật đại cương,6.3,2
VL101,Tiếng Việt thực hành,7.8,2
CS110,Kỹ thuật số,-1.0,2
CS212,Kiến trúc máy tính,-1.0,3
MA120,Đại số tuyến tính,-1.0,3
