Mã HP,Tên HP,Điểm,Số TC
CS100,Tin đại cương,8.7,2
GE111,Tiếng Anh sơ cấp 1,10.0,2
GE112,Tiếng Anh sơ cấp 2,10.0,2
GE121,Tiếng Anh sơ trung cấp 1,10.0,2
GE222,Tiếng Anh sơ trung cấp 2,10.0,2
GE231,Tiếng Anh trung cấp 1,10.0,2
GE232,Tiếng Anh trung cấp 2,9.0,2
GE333,Tiếng Anh trung cấp 3,-1.0,2
MA101,"Logic, suy luận toán học và kỹ thuật đếm",8.5,3
ML113,Triết học Mác - Lênin,9.3,3
PG118,GDTC: Thể dục cơ bản,6.2,1
SH131,Pháp luật đại cương,8.9,2
VL101,Tiếng Việt thực hành,7.9,2
