Mã HP,Tên HP,Điểm,Số TC
CF212,Cấu trúc dữ liệu,4.4,3
CS100,Tin đại cương,6.2,2
CS102,Công dân số,6.2,2
CS110,Kỹ thuật số,8.1,2
CS121,Ngôn ngữ lập trình,5.6,3
CS122,Lập trình hướng đối tượng,5.3,3
CS212,Kiến trúc máy tính,5.9,3
EC102,Nhập môn kinh tế học,7.0,2
GE101,Tiếng Anh sơ cấp 1,8.2,2
GE102,Tiếng Anh sơ cấp 2,7.4,2
GE103,Tiếng Anh sơ cấp 3,6.4,2
GE201,Tiếng Anh sơ trung cấp 1,6.7,2
GE202,Tiếng Anh sơ trung cấp 2,7.3,2
GE205,Tiếng Anh sơ trung cấp 3,6.0,2
GE231,Tiếng Anh trung cấp 1,5.8,2
GE232,Tiếng Anh trung cấp 2,0.0,2
GJ101,Tiếng Nhật 1,9.0,2
GJ102,Tiếng Nhật 2,4.0,2
IS222,Cơ sở dữ liệu,5.5,3
IS322,Hệ quản trị cơ sở dữ liệu,6.9,3
MA101,"Logic, suy luận toán học và kỹ thuật đếm",6.8,3
MA104,Số và cấu trúc đại số,2.6,3
MA110,Giải tích 1,-1.0,3
MA120,Đại số tuyến tính,6.0,3
MA239,Xác suất thống kê,-1.0,4
MI201,Toán rời rạc,6.0,3
MI322,Trí tuệ nhân tạo và công nghệ tri thức,-1.0,3
ML113,Triết học Mác - Lênin,9.6,3
ML114,Kinh tế chính trị Mác - Lênin,6.7,2
ML115,Chủ nghĩa xã hội khoa học,7.4,2
ML202,Tư tưởng Hồ Chí Minh,7.2,2
ML204,Lịch sử Đảng,5.2,2
NW212,Mạng máy tính,4.1,2
SE302,Công nghệ phần mềm,-1.0,2
SH131,Pháp luật đại cương,8.6,2
VL101,Tiếng Việt thực hành,7.8,2
CS314,Lập trình ứng dụng di động,0.0,2
CS315,Nguyên lý hệ điều hành,0.0,3
IS332,Phân tích thiết kế hướng đối tượng,8.0,3
