Mã HP,Tên HP,Điểm,Số TC
CF212,Cấu trúc dữ liệu,3.9,3
CS100,Tin đại cương,7.3,2
CS102,Công dân số,4.0,2
CS110,Kỹ thuật số,8.7,2
CS121,Ngôn ngữ lập trình,6.9,3
CS122,Lập trình hướng đối tượng,7.2,3
CS212,Kiến trúc máy tính,0.0,3
EC102,Nhập môn kinh tế học,0.0,2
GE101,Tiếng Anh sơ cấp 1,8.0,2
GE102,Tiếng Anh sơ cấp 2,8.1,2
GE103,Tiếng Anh sơ cấp 3,7.3,2
GE201,Tiếng Anh sơ trung cấp 1,7.3,2
GE202,Tiếng Anh sơ trung cấp 2,7.3,2
GE205,Tiếng Anh sơ trung cấp 3,6.9,2
GE231,Tiếng Anh trung cấp 1,0.0,2
GE232,Tiếng Anh trung cấp 2,0.0,2
IS222,Cơ sở dữ liệu,5.6,3
IT320,Phát triển ứng dụng với Python,0.0,3
MA101,"Logic, suy luận toán học và kỹ thuật đếm",7.1,3
MA110,Giải tích 1,3.1,3
MA120,Đại số tuyến tính,5.8,3
MA239,Xác suất thống kê,3.3,4
MI201,Toán rời rạc,4.0,3
ML113,Triết học Mác - Lênin,8.2,3
ML114,Kinh tế chính trị Mác - Lênin,9.5,2
ML115,Chủ nghĩa xã hội khoa học,8.1,2
ML202,Tư tưởng Hồ Chí Minh,8.6,2
ML204,Lịch sử Đảng,7.3,2
NA151,Khoa học môi trường,8.7,2
SH131,Pháp luật đại cương,9.6,2
VL101,Tiếng Việt thực hành,7.9,2
AD216,Kỹ năng sống,0.0,3
AI130,Nhập môn trí tuệ nhân tạo,4.3,3
AI220,Các công cụ lập trình trí tuệ nhân tạo,4.7,3
CF211,Phân tích và thiết kế thuật toán,10.0,2
CS321,Nhập môn khoa học dữ liệu,-1.0,2
IS326,Khai phá dữ liệu,0.0,3
