Mã HP,Tên HP,Điểm,Số TC
CF213,Cấu trúc dữ liệu và giải thuật,0.0,4
CS100,Tin đại cương,3.4,2
CS110,Kỹ thuật số,6.0,2
CS121,Ngôn ngữ lập trình,6.2,3
CS122,Lập trình hướng đối tượng,3.3,3
CS212,Kiến trúc máy tính,2.4,3
EC102,Nhập môn kinh tế học,4.1,2
GE111,Tiếng Anh sơ cấp 1,5.2,2
GE112,Tiếng Anh sơ cấp 2,4.9,2
GE121,Tiếng Anh sơ trung cấp 1,4.2,2
GE222,Tiếng Anh sơ trung cấp 2,4.4,2
GF101,Tiếng Pháp 1,8.4,2
GF102,Tiếng Pháp 2,0.0,2
IS222,Cơ sở dữ liệu,0.0,3
MA101,"Logic, suy luận toán học và kỹ thuật đếm",5.6,3
MA104,Số và cấu trúc đại số,4.7,3
MA110,Giải tích 1,2.7,3
MA120,Đại số tuyến tính,5.3,3
MI201,Toán rời rạc,0.0,3
ML113,Triết học Mác - Lênin,8.3,3
ML114,Kinh tế chính trị Mác - Lênin,7.3,2
ML115,Chủ nghĩa xã hội khoa học,0.0,2
ML204,Lịch sử Đảng,0.0,2
NA151,Khoa học môi trường,6.4,2
NW212,Mạng máy tính,-1.0,2
PG102,GDTC: Thể dục cổ truyền cơ bản,6.7,1
PG115,GDTC: Bóng chuyền cơ bản,5.9,1
SH131,Pháp luật đại cương,7.4,2
VL101,Tiếng Việt thực hành,5.8,2
