Mã HP,Tên HP,Điểm,Số TC
CF213,Cấu trúc dữ liệu và giải thuật,0.0,4
CS100,Tin đại cương,3.0,2
CS121,Ngôn ngữ lập trình,4.1,3
CS122,Lập trình hướng đối tượng,4.7,3
GE111,Tiếng Anh sơ cấp 1,6.6,2
GE112,Tiếng Anh sơ cấp 2,5.7,2
GE121,Tiếng Anh sơ trung cấp 1,4.0,2
GE222,Tiếng Anh sơ trung cấp 2,5.3,2
GJ101,Tiếng Nhật 1,4.5,2
MA101,"Logic, suy luận toán học và kỹ thuật đếm",5.2,3
MA239,Xác suất thống kê,0.0,4
ML113,Triết học Mác - Lênin,7.9,3
ML114,Kinh tế chính trị Mác - Lênin,7.0,2
ML115,Chủ nghĩa xã hội khoa học,7.8,2
ML204,Lịch sử Đảng,6.3,2
NA151,Khoa học môi trường,6.6,2
PG113,GDTC: Bóng rổ cơ bản,0.0,1
PG121,Giáo dục quốc phòng,5.8,4
SH131,Pháp luật đại cương,6.0,2
VL101,Tiếng Việt thực hành,4.2,2
CS110,Kỹ thuật số,5.5,2
CS212,Kiến trúc máy tính,7.6,3
IS222,Cơ sở dữ liệu,6.7,3
MA110,Giải tích 1,4.0,3
MA120,Đại số tuyến tính,3.4,3
MI201,Toán rời rạc,0.0,3
NW212,Mạng máy tính,0.0,2
