Mã HP,Tên HP,Điểm,Số TC
CF213,Cấu trúc dữ liệu và giải thuật,0.0,4
CS100,Tin đại cương,6.3,2
CS110,Kỹ thuật số,4.0,2
CS121,Ngôn ngữ lập trình,3.2,3
CS122,Lập trình hướng đối tượng,7.1,3
CS212,Kiến trúc máy tính,7.2,3
EC102,Nhập môn kinh tế học,7.5,2
GE111,Tiếng Anh sơ cấp 1,5.5,2
GZ101,Tiếng Trung 1,4.0,2
IS222,Cơ sở dữ liệu,0.0,3
MA101,"Logic, suy luận toán học và kỹ thuật đếm",8.0,3
MA104,Số và cấu trúc đại số,4.8,3
MA110,Giải tích 1,0.0,3
MA120,Đại số tuyến tính,6.0,3
MI201,Toán rời rạc,0.0,3
ML113,Triết học Mác - Lênin,7.9,3
ML114,Kinh tế chính trị Mác - Lênin,7.8,2
ML115,Chủ nghĩa xã hội khoa học,8.8,2
ML202,Tư tưởng Hồ Chí Minh,0.0,2
ML204,Lịch sử Đảng,8.4,2
NA151,Khoa học môi trường,7.7,2
NW212,Mạng máy tính,0.0,2
SH131,Pháp luật đại cương,7.8,2
VL101,Tiếng Việt thực hành,4.6,2
