Mã HP,Tên HP,Điểm,Số TC
CS100,Tin đại cương,2.3,2
CS102,Công dân số,0.0,2
CS110,Kỹ thuật số,0.0,2
CS121,Ngôn ngữ lập trình,-1.0,3
EC102,Nhập môn kinh tế học,0.0,2
GE111,Tiếng Anh sơ cấp 1,10.0,2
GE112,Tiếng Anh sơ cấp 2,7.0,2
MA101,"Logic, suy luận toán học và kỹ thuật đếm",5.9,3
MA120,Đại số tuyến tính,0.0,3
ML113,Triết học Mác - Lênin,9.0,3
ML114,Kinh tế chính trị Mác - Lênin,-1.0,2
SH131,Pháp luật đại cương,8.9,2
VL101,Tiếng Việt thực hành,2.6,2
