Mã HP,Tên HP,Điểm,Số TC
AD213A,Hát – Nhạc,8.4,4
CF231,Lý thuyết thông tin và mã hóa,8.5,2
CS100,Tin đại cương,4.4,2
CS121,Ngôn ngữ lập trình,5.1,3
CS122,Lập trình hướng đối tượng,5.0,3
EC102,Nhập môn kinh tế học,7.9,2
GE100,Tiếng Anh cho người mới bắt đầu,7.0,2
GE101A,Tiếng Anh sơ cấp 1,6.7,2
GE102A,Tiếng Anh sơ cấp 2,8.0,2
GE201A,Tiếng Anh sơ trung cấp 1,7.2,2
GE202A,Tiếng Anh sơ trung cấp 2,7.1,2
GI101,Tiếng Ý 1,6.0,2
GZ101,Tiếng Trung 1,7.2,2
GZ102,Tiếng Trung 2,5.7,2
IM201,Kỹ năng soạn thảo VB (MS office),10.0,3
IP401,Thực tập ngành Khoa học máy tính,8.0,2
IS314,Hệ thống thông tin,6.1,3
MA101A,"Logic, suy luận toán học và kỹ thuật đếm",9.5,3
MA102,Toán cơ sở,4.1,3
MA103,Số và cấu trúc đại số,-1.0,2
ML111,Triết học Mác – Lênin,7.2,2
ML112,Kinh tế chính trị và CNXH khoa học,5.8,3
ML202,Tư tưởng Hồ Chí Minh,8.6,2
ML203,Đường lối cách mạng của Đảng CS Việt Nam,7.6,3
NA151,Khoa học môi trường,9.0,2
PG100,Giáo dục thể chất,7.6,4
PG121,Giáo dục quốc phòng,6.2,4
SE312,Kiểm thử và đảm bảo chất lượng phần mềm,8.5,3
SH131,Pháp luật đại cương,5.0,2
VL101,Tiếng Việt thực hành,7.0,2
AD214,Nâng cao chất lượng giọng hát,9.5,3
CF212,Cấu trúc dữ liệu,3.5,3
CF301,Ngôn ngữ hình thức và Otomat,8.0,3
CS110,Kỹ thuật số,5.0,2
CS212,Kiến trúc máy tính,9.0,3
CS315,Nguyên lý hệ điều hành,7.3,3
IS222,Cơ sở dữ liệu,3.8,3
IS322,Hệ quản trị cơ sở dữ liệu,5.9,3
IS332,Phân tích thiết kế hướng đối tượng,7.1,3
MA110,Giải tích 1,6.1,3
MA111,Giải tích 2,5.1,3
MA120,Đại số tuyến tính,5.8,3
MA231,Xác suất thống kê ứng dụng,5.6,4
MI201,Toán rời rạc,6.7,3
MI312,Đồ họa,7.5,2
MI321,Trí tuệ nhân tạo,3.9,3
MI414,Giao diện người máy,7.3,2
NW212,Mạng máy tính,6.5,2
NW312,Thiết kế và quản trị mạng,7.5,3
NW332,An toàn mạng,8.3,3
PE201,Tiếng Anh trong tin học 1A,7.4,2
PE302,Tiếng Anh trong tin học 1B,7.8,2
PE303,Tiếng Anh trong tin học 2A,7.2,2
PE404,Tiếng Anh trong tin học 2B,7.6,2
SE302,Công nghệ phần mềm,6.1,2
SE487,CĐTN: Phát triển phần mềm,-1.0,6
SM201,Phương pháp luận nghiên cứu khoa học,7.2,3
