Mã HP,Tên HP,Điểm,Số TC
CF212,Cấu trúc dữ liệu,6.1,3
CS100,Tin đại cương,6.1,2
CS102,Công dân số,5.1,2
CS110,Kỹ thuật số,6.2,2
CS121,Ngôn ngữ lập trình,4.5,3
CS122,Lập trình hướng đối tượng,8.5,3
CS212,Kiến trúc máy tính,-1.0,3
EC102,Nhập môn kinh tế học,4.0,2
GE101,Tiếng Anh sơ cấp 1,6.1,2
GE102,Tiếng Anh sơ cấp 2,4.8,2
GE103,Tiếng Anh sơ cấp 3,5.9,2
GE201,Tiếng Anh sơ trung cấp 1,6.5,2
GE202,Tiếng Anh sơ trung cấp 2,6.3,2
GE205,Tiếng Anh sơ trung cấp 3,4.8,2
GE232,Tiếng Anh trung cấp 2,-1.0,2
GE301,Tiếng Anh trung cấp 1,4.4,2
GJ101,Tiếng Nhật 1,8.5,2
GJ102,Tiếng Nhật 2,6.6,2
IS222,Cơ sở dữ liệu,3.0,3
IS314,Hệ thống thông tin,7.3,3
IS322,Hệ quản trị cơ sở dữ liệu,1.5,3
IT320,Phát triển ứng dụng với Python,-1.0,3
MA101,"Logic, suy luận toán học và kỹ thuật đếm",6.6,3
MA104,Số và cấu trúc đại số,-1.0,3
MA110,Giải tích 1,6.6,3
MA111,Giải tích 2,-1.0,3
MA120,Đại số tuyến tính,6.7,3
MA231,Xác suất thống kê ứng dụng,-1.0,4
MI201,Toán rời rạc,6.3,3
ML113,Triết học Mác - Lênin,7.8,3
ML114,Kinh tế chính trị Mác - Lênin,8.8,2
ML115,Chủ nghĩa xã hội khoa học,8.2,2
ML202,Tư tưởng Hồ Chí Minh,9.4,2
ML204,Lịch sử Đảng,9.8,2
NA151,Khoa học môi trường,9.2,2
PG106,GDTC: Bóng bàn cơ bản,7.3,1
PG113,GDTC: Bóng rổ cơ bản,10.0,1
PG118,GDTC: Thể dục cơ bản,7.9,1
SH131,Pháp luật đại cương,9.0,2
VL101,Tiếng Việt thực hành,8.0,2
AD215,Ứng dụng PowerPoint,7.9,3
AD240,Nhiếp ảnh cơ bản,9.0,3
AD243,Hội họa cơ bản,8.5,3
CS224,Lập trình .Net,-1.0,3
CS314,Lập trình ứng dụng di động,-1.0,2
CS315,Nguyên lý hệ điều hành,7.5,3
IS332,Phân tích thiết kế hướng đối tượng,6.7,3
