Mã HP,Tên HP,Điểm,Số TC
CF213,Cấu trúc dữ liệu và giải thuật,0.0,4
CS100,Tin đại cương,7.8,2
CS102,Công dân số,4.0,2
CS121,Ngôn ngữ lập trình,4.4,3
CS122,Lập trình hướng đối tượng,3.0,3
GE111,Tiếng Anh sơ cấp 1,10.0,2
GE112,Tiếng Anh sơ cấp 2,4.9,2
GE121,Tiếng Anh sơ trung cấp 1,7.1,2
GE222,Tiếng Anh sơ trung cấp 2,6.6,2
GE231,Tiếng Anh trung cấp 1,0.0,2
GF101,Tiếng Pháp 1,9.5,2
GF102,Tiếng Pháp 2,0.0,2
MA101,"Logic, suy luận toán học và kỹ thuật đếm",5.9,3
MA104,Số và cấu trúc đại số,10.0,3
MA239,Xác suất thống kê,7.5,4
ML113,Triết học Mác - Lênin,9.4,3
ML114,Kinh tế chính trị Mác - Lênin,9.0,2
ML115,Chủ nghĩa xã hội khoa học,8.3,2
ML204,Lịch sử Đảng,8.5,2
NA151,Khoa học môi trường,-1.0,2
PG121,Giáo dục quốc phòng,6.1,4
SH131,Pháp luật đại cương,9.2,2
VL101,Tiếng Việt thực hành,8.9,2
CS110,Kỹ thuật số,5.2,2
IS222,Cơ sở dữ liệu,0.0,3
MA110,Giải tích 1,0.0,3
MA120,Đại số tuyến tính,7.7,3
MI201,Toán rời rạc,0.0,3
