Mã HP,Tên HP,Điểm,Số TC
CF212,Cấu trúc dữ liệu,5.0,3
CS100,Tin đại cương,5.2,2
CS102,Công dân số,3.8,2
CS110,Kỹ thuật số,4.0,2
CS121,Ngôn ngữ lập trình,5.6,3
CS122,Lập trình hướng đối tượng,6.2,3
CS212,Kiến trúc máy tính,6.5,3
EC102,Nhập môn kinh tế học,7.5,2
GE101,Tiếng Anh sơ cấp 1,6.4,2
GE102,Tiếng Anh sơ cấp 2,5.6,2
GE103,Tiếng Anh sơ cấp 3,7.6,2
GE201,Tiếng Anh sơ trung cấp 1,7.8,2
GE202,Tiếng Anh sơ trung cấp 2,5.7,2
GE205,Tiếng Anh sơ trung cấp 3,4.2,2
GE301,Tiếng Anh trung cấp 1,4.6,2
GE303,Tiếng Anh trung cấp 2,4.5,2
GE333,Tiếng Anh trung cấp 3,4.6,2
GF101,Tiếng Pháp 1,6.0,2
GF102,Tiếng Pháp 2,7.4,2
IS222,Cơ sở dữ liệu,4.7,3
IS314,Hệ thống thông tin,7.8,3
IS322,Hệ quản trị cơ sở dữ liệu,2.3,3
IT333,Công nghệ Web,1.8,3
MA101,"Logic, suy luận toán học và kỹ thuật đếm",6.0,3
MA104,Số và cấu trúc đại số,5.5,3
MA110,Giải tích 1,5.8,3
MA111,Giải tích 2,3.4,3
MA120,Đại số tuyến tính,4.3,3
MA231,Xác suất thống kê ứng dụng,5.2,4
MI201,Toán rời rạc,5.7,3
MI322,Trí tuệ nhân tạo và công nghệ tri thức,2.4,3
ML113,Triết học Mác - Lênin,7.9,3
ML114,Kinh tế chính trị Mác - Lênin,9.0,2
ML115,Chủ nghĩa xã hội khoa học,8.3,2
ML202,Tư tưởng Hồ Chí Minh,9.2,2
ML204,Lịch sử Đảng,9.9,2
NA151,Khoa học môi trường,8.3,2
NW212,Mạng máy tính,3.8,2
PG106,GDTC: Bóng bàn cơ bản,1.8,1
PG118,GDTC: Thể dục cơ bản,3.0,1
PG120,Thể dục cơ bản nâng cao,3.0,1
SH131,Pháp luật đại cương,8.0,2
VL101,Tiếng Việt thực hành,8.5,2
AD216,Kỹ năng sống,4.4,3
AD240,Nhiếp ảnh cơ bản,6.8,3
CS314,Lập trình ứng dụng di động,1.4,2
CS315,Nguyên lý hệ điều hành,7.3,3
IS332,Phân tích thiết kế hướng đối tượng,5.9,3
IT380,Dự án Công nghệ thông tin,8.0,2
MI312,Đồ họa,1.2,2
