Mã HP,Tên HP,Điểm,Số TC
CF231,Lý thuyết thông tin và mã hóa,4.0,2
CS100,Tin đại cương,8.2,2
CS102,Công dân số,6.6,2
CS121,Ngôn ngữ lập trình,8.2,3
CS122,Lập trình hướng đối tượng,5.0,3
EC102,Nhập môn kinh tế học,9.7,2
GE101,Tiếng Anh sơ cấp 1,9.0,2
GE102,Tiếng Anh sơ cấp 2,8.7,2
GE103,Tiếng Anh sơ cấp 3,7.8,2
GE201,Tiếng Anh sơ trung cấp 1,7.1,2
GE202,Tiếng Anh sơ trung cấp 2,7.0,2
GE205,Tiếng Anh sơ trung cấp 3,6.8,2
GE231,Tiếng Anh trung cấp 1,6.7,2
GE232,Tiếng Anh trung cấp 2,0.0,2
GJ101,Tiếng Nhật 1,9.6,2
GJ102,Tiếng Nhật 2,7.9,2
IS314,Hệ thống thông tin,8.0,3
MA101,"Logic, suy luận toán học và kỹ thuật đếm",8.9,3
MA104,Số và cấu trúc đại số,7.6,3
MA239,Xác suất thống kê,6.3,4
ML113,Triết học Mác - Lênin,9.9,3
ML114,Kinh tế chính trị Mác - Lênin,9.4,2
ML115,Chủ nghĩa xã hội khoa học,8.7,2
ML202,Tư tưởng Hồ Chí Minh,7.9,2
ML204,Lịch sử Đảng,8.4,2
NA151,Khoa học môi trường,9.7,2
PG100,Giáo dục thể chất,7.8,4
PG121,Giáo dục quốc phòng,7.3,4
SH131,Pháp luật đại cương,9.2,2
VL101,Tiếng Việt thực hành,7.9,2
AD240,Nhiếp ảnh cơ bản,10.0,3
CF211,Phân tích và thiết kế thuật toán,0.0,2
CF212,Cấu trúc dữ liệu,8.0,3
CS110,Kỹ thuật số,10.0,2
CS212,Kiến trúc máy tính,5.7,3
CS315,Nguyên lý hệ điều hành,8.5,3
CS321,Nhập môn khoa học dữ liệu,-1.0,2
IM206,ứng dụng Excel,0.0,2
IS222,Cơ sở dữ liệu,6.6,3
IS322,Hệ quản trị cơ sở dữ liệu,0.0,3
IS332,Phân tích thiết kế hướng đối tượng,0.0,3
MA110,Giải tích 1,6.1,3
MA111,Giải tích 2,5.4,3
MA120,Đại số tuyến tính,7.9,3
MI201,Toán rời rạc,6.7,3
NW212,Mạng máy tính,5.4,2
