Mã HP,Tên HP,Điểm,Số TC
CF212,Cấu trúc dữ liệu,4.1,3
CS100,Tin đại cương,9.8,2
CS102,Công dân số,7.3,2
CS110,Kỹ thuật số,6.2,2
CS121,Ngôn ngữ lập trình,7.3,3
CS122,Lập trình hướng đối tượng,9.0,3
CS212,Kiến trúc máy tính,5.5,3
EC101,Kinh tế học đại cương,4.8,3
EC102,Nhập môn kinh tế học,5.9,2
GE101,Tiếng Anh sơ cấp 1,10.0,2
GE102,Tiếng Anh sơ cấp 2,9.7,2
GE103,Tiếng Anh sơ cấp 3,8.8,2
GE201,Tiếng Anh sơ trung cấp 1,8.4,2
GE202,Tiếng Anh sơ trung cấp 2,6.6,2
GE205,Tiếng Anh sơ trung cấp 3,6.3,2
GE301,Tiếng Anh trung cấp 1,6.7,2
GE303,Tiếng Anh trung cấp 2,7.6,2
GE305,Tiếng Anh trung cấp 3,7.8,2
GF101,Tiếng Pháp 1,8.3,2
GF102,Tiếng Pháp 2,5.9,2
IS222,Cơ sở dữ liệu,7.5,3
IS314,Hệ thống thông tin,8.5,3
IS322,Hệ quản trị cơ sở dữ liệu,7.2,3
IS330,Dữ liệu lớn,6.4,2
IS334,Quản lý dự án hệ thống thông tin,6.6,3
IT320,Phát triển ứng dụng với Python,6.9,3
IT333,Công nghệ Web,6.4,3
MA101,"Logic, suy luận toán học và kỹ thuật đếm",7.9,3
MA104,Số và cấu trúc đại số,-1.0,3
MA110,Giải tích 1,2.8,3
MA111,Giải tích 2,3.5,3
MA120,Đại số tuyến tính,8.7,3
MA231,Xác suất thống kê ứng dụng,5.1,4
MI201,Toán rời rạc,5.6,3
MI322,Trí tuệ nhân tạo và công nghệ tri thức,8.5,3
ML111,Triết học Mác – Lênin,7.3,2
ML112,Kinh tế chính trị và CNXH khoa học,6.7,3
ML202,Tư tưởng Hồ Chí Minh,6.9,2
ML204,Lịch sử Đảng,9.4,2
NA151,Khoa học môi trường,9.2,2
NW212,Mạng máy tính,6.6,2
PG106,GDTC: Bóng bàn cơ bản,7.9,1
PG115,GDTC: Bóng chuyền cơ bản,8.0,1
PG118,GDTC: Thể dục cơ bản,5.3,1
SE302,Công nghệ phần mềm,7.7,2
SH131,Pháp luật đại cương,7.4,2
VL101,Tiếng Việt thực hành,7.5,2
AD215,Ứng dụng PowerPoint,7.0,3
AD250,Dinh dưỡng và tiết chế,7.2,3
CS224,Lập trình .Net,10.0,3
CS314,Lập trình ứng dụng di động,7.5,2
CS315,Nguyên lý hệ điều hành,8.8,3
CS320,Học máy,-1.0,3
IP404,Thực tập ngành CNTT,9.5,2
IS332,Phân tích thiết kế hướng đối tượng,7.6,3
IT332,Internet of Things,8.5,2
IT380,Dự án Công nghệ thông tin,7.7,2
SE312,Kiểm thử và đảm bảo chất lượng phần mềm,8.2,3
SE487,CĐTN: Phát triển phần mềm,0.0,6
