Mã HP,Tên HP,Điểm,Số TC
CS100,Tin đại cương,1.2,2
CS110,Kỹ thuật số,-1.0,2
CS121,Ngôn ngữ lập trình,-1.0,3
MA101,"Logic, suy luận toán học và kỹ thuật đếm",2.9,3
MA120,Đại số tuyến tính,-1.0,3
ML111,Triết học Mác – Lênin,2.1,2
PG122,GDQP: Đường lối quân sự của Đảng,2.1,1
PG123,GDQP: Công tác quốc phòng - an ninh,2.1,1
PG124,GDQP: Quân sự chung,-1.0,1
PG125,GDQP: Kỹ thuật bắn súng,-1.0,1
SH131,Pháp luật đại cương,-1.0,2
