Mã HP,Tên HP,Điểm,Số TC
CF212,Cấu trúc dữ liệu,-1.0,3
CS100,Tin đại cương,6.9,2
CS102,Công dân số,4.8,2
CS110,Kỹ thuật số,7.1,2
CS121,Ngôn ngữ lập trình,6.4,3
CS122,Lập trình hướng đối tượng,8.0,3
CS212,Kiến trúc máy tính,6.7,3
EC102,Nhập môn kinh tế học,4.0,2
GE101,Tiếng Anh sơ cấp 1,9.0,2
GE102,Tiếng Anh sơ cấp 2,8.7,2
GE103,Tiếng Anh sơ cấp 3,8.2,2
GE201,Tiếng Anh sơ trung cấp 1,7.0,2
GE202,Tiếng Anh sơ trung cấp 2,7.4,2
GE205,Tiếng Anh sơ trung cấp 3,7.3,2
GE232,Tiếng Anh trung cấp 2,6.6,2
GE301,Tiếng Anh trung cấp 1,7.7,2
GE333,Tiếng Anh trung cấp 3,0.0,2
GF101,Tiếng Pháp 1,7.4,2
GF102,Tiếng Pháp 2,0.0,2
IS222,Cơ sở dữ liệu,6.3,3
IS314,Hệ thống thông tin,0.0,3
IS322,Hệ quản trị cơ sở dữ liệu,6.3,3
MA101,"Logic, suy luận toán học và kỹ thuật đếm",10.0,3
MA104,Số và cấu trúc đại số,5.7,3
MA110,Giải tích 1,0.0,3
MA120,Đại số tuyến tính,5.1,3
MA239,Xác suất thống kê,5.6,4
MI201,Toán rời rạc,6.5,3
ML113,Triết học Mác - Lênin,9.4,3
ML114,Kinh tế chính trị Mác - Lênin,6.0,2
ML115,Chủ nghĩa xã hội khoa học,0.0,2
ML202,Tư tưởng Hồ Chí Minh,0.0,2
ML204,Lịch sử Đảng,0.0,2
PG106,GDTC: Bóng bàn cơ bản,0.0,1
PG113,GDTC: Bóng rổ cơ bản,6.6,1
PG115,GDTC: Bóng chuyền cơ bản,6.7,1
PG118,GDTC: Thể dục cơ bản,6.0,1
SH131,Pháp luật đại cương,8.4,2
VL101,Tiếng Việt thực hành,8.3,2
AD312,Bóng đá,6.0,4
CS314,Lập trình ứng dụng di động,0.0,2
CS315,Nguyên lý hệ điều hành,8.5,3
IM206,ứng dụng Excel,0.0,2
IS332,Phân tích thiết kế hướng đối tượng,7.3,3
MI312,Đồ họa,10.0,2
