Mã HP,Tên HP,Điểm,Số TC
CF213,Cấu trúc dữ liệu và giải thuật,0.0,4
CS100,Tin đại cương,3.3,2
CS102,Công dân số,2.9,2
CS110,Kỹ thuật số,4.7,2
CS121,Ngôn ngữ lập trình,5.2,3
CS122,Lập trình hướng đối tượng,7.3,3
CS212,Kiến trúc máy tính,7.8,3
EC102,Nhập môn kinh tế học,7.4,2
GE111,Tiếng Anh sơ cấp 1,5.9,2
GE112,Tiếng Anh sơ cấp 2,5.3,2
GE121,Tiếng Anh sơ trung cấp 1,5.6,2
GE222,Tiếng Anh sơ trung cấp 2,6.3,2
IS222,Cơ sở dữ liệu,7.3,3
IS322,Hệ quản trị cơ sở dữ liệu,0.0,3
MA101,"Logic, suy luận toán học và kỹ thuật đếm",7.3,3
MA104,Số và cấu trúc đại số,7.3,3
MA110,Giải tích 1,4.9,3
MA111,Giải tích 2,6.7,3
MA120,Đại số tuyến tính,5.7,3
MA239,Xác suất thống kê,0.0,4
ML113,Triết học Mác - Lênin,8.7,3
ML114,Kinh tế chính trị Mác - Lênin,8.1,2
ML115,Chủ nghĩa xã hội khoa học,8.8,2
ML202,Tư tưởng Hồ Chí Minh,0.0,2
ML204,Lịch sử Đảng,4.0,2
NA151,Khoa học môi trường,9.1,2
PG118,GDTC: Thể dục cơ bản,0.0,1
SH131,Pháp luật đại cương,8.5,2
VL101,Tiếng Việt thực hành,7.3,2
