Mã HP,Tên HP,Điểm,Số TC
CS100A,Nhập môn khoa học máy tính,7.0,2
CS121,Ngôn ngữ lập trình,5.0,3
CS122,Lập trình hướng đối tượng,0.0,3
CS212A,Kiến trúc máy tính 1,7.0,2
EC101,Kinh tế học đại cương,5.0,3
FN201A,Lý thuyết tài chính tiền tệ,2.5,2
GE100,Tiếng Anh cho người mới bắt đầu,6.7,2
GE101A,Tiếng Anh sơ cấp 1,5.7,2
GE102A,Tiếng Anh sơ cấp 2,5.6,2
GE201A,Tiếng Anh sơ trung cấp 1,5.2,2
GE202A,Tiếng Anh sơ trung cấp 2,5.0,2
GF101,Tiếng Pháp 1,10.0,2
GF102,Tiếng Pháp 2,7.7,2
IS223A,Cơ sở dữ liệu 2,5.0,2
MA100A,Toán 1,5.0,2
MA110A,Giải tích 1A,6.5,2
MA111A,Giải tích 2A,7.5,2
MA120A,Đại số tuyến tính 1,5.3,2
ML111,Triết học Mác – Lênin,5.0,2
ML112,Kinh tế chính trị và CNXH khoa học,3.0,3
ML202,Tư tưởng Hồ Chí Minh,8.7,2
ML203,Đường lối cách mạng của Đảng CS Việt Nam,8.1,3
NA151,Khoa học môi trường,6.0,2
NW312A,Thiết kế quản trị mạng,0.4,4
PG100,Giáo dục thể chất,7.5,4
PG121,Giáo dục quốc phòng,6.0,4
SH131,Pháp luật đại cương,5.0,2
AC201,Nguyên lý kế toán,0.8,3
AD211,Văn hóa Hà Nội,5.0,2
CS110,Kỹ thuật số,8.7,2
CS212A,Kiến trúc máy tính 1,7.0,2
CS315,Nguyên lý hệ điều hành,5.0,3
EC203,Kinh tế vĩ mô,-1.0,2
FN211D,Nhập môn tài chính doanh nghiệp,-1.0,2
IS222,Cơ sở dữ liệu,7.1,3
IS223A,Cơ sở dữ liệu 2,5.0,2
IS333,Phân tích thiết kế hệ thống thông tin,5.0,2
MA110A,Giải tích 1A,6.5,2
MA111A,Giải tích 2A,7.5,2
MA120A,Đại số tuyến tính 1,5.3,2
MA212,Phương trình vi phân,5.0,2
MA231,Xác suất thống kê ứng dụng,4.0,4
MK201,Nguyên lý marketing,1.5,2
NW212,Mạng máy tính,5.0,2
NW312A,Thiết kế quản trị mạng,0.4,4
NW332A,An toàn mạng,0.0,4
PE201,Tiếng Anh trong tin học 1A,5.7,2
PE302,Tiếng Anh trong tin học 1B,1.9,2
