Mã HP,Tên HP,Điểm,Số TC
CF212,Cấu trúc dữ liệu,8.0,3
CS100,Tin đại cương,5.6,2
CS102,Công dân số,4.4,2
CS110,Kỹ thuật số,6.3,2
CS121,Ngôn ngữ lập trình,5.0,3
CS122,Lập trình hướng đối tượng,8.5,3
CS212,Kiến trúc máy tính,5.9,3
EC102,Nhập môn kinh tế học,7.0,2
GE101,Tiếng Anh sơ cấp 1,2.2,2
GE102,Tiếng Anh sơ cấp 2,-1.0,2
GJ101,Tiếng Nhật 1,5.8,2
GJ102,Tiếng Nhật 2,6.8,2
IS222,Cơ sở dữ liệu,5.2,3
IS314,Hệ thống thông tin,6.9,3
IS322,Hệ quản trị cơ sở dữ liệu,5.3,3
IS330,Dữ liệu lớn,8.2,2
IS334,Quản lý dự án hệ thống thông tin,6.2,3
IT320,Phát triển ứng dụng với Python,1.5,3
IT333,Công nghệ Web,7.7,3
MA101,"Logic, suy luận toán học và kỹ thuật đếm",6.4,3
MA104,Số và cấu trúc đại số,5.3,3
MA110,Giải tích 1,8.1,3
MA111,Giải tích 2,7.0,3
MA120,Đại số tuyến tính,8.6,3
MA231,Xác suất thống kê ứng dụng,6.2,4
MI201,Toán rời rạc,5.7,3
MI322,Trí tuệ nhân tạo và công nghệ tri thức,8.1,3
ML111,Triết học Mác – Lênin,9.6,2
ML112,Kinh tế chính trị và CNXH khoa học,9.8,3
ML202,Tư tưởng Hồ Chí Minh,8.3,2
ML204,Lịch sử Đảng,9.1,2
NA151,Khoa học môi trường,8.9,2
NW212,Mạng máy tính,5.8,2
SE302,Công nghệ phần mềm,8.9,2
SH131,Pháp luật đại cương,6.6,2
VL101,Tiếng Việt thực hành,6.4,2
AD212,Phương pháp hùng biện và các thủ thuật tranh biện,2.4,3
AD216,Kỹ năng sống,8.7,3
AD250,Dinh dưỡng và tiết chế,3.5,3
CF211,Phân tích và thiết kế thuật toán,-1.0,2
CF301,Ngôn ngữ hình thức và Otomat,-1.0,3
CS223,Lập trình Java,9.0,3
CS314,Lập trình ứng dụng di động,7.3,2
CS315,Nguyên lý hệ điều hành,7.6,3
IS332,Phân tích thiết kế hướng đối tượng,7.3,3
IT332,Internet of Things,5.4,2
IT380,Dự án Công nghệ thông tin,2.3,2
MI312,Đồ họa,1.2,2
SE312,Kiểm thử và đảm bảo chất lượng phần mềm,-1.0,3
