Mã HP,Tên HP,Điểm,Số TC
CF212B,Cấu trúc dữ liệu 2,0.0,2
CS100A,Nhập môn khoa học máy tính,7.7,2
CS121,Ngôn ngữ lập trình,8.5,3
CS122,Lập trình hướng đối tượng,6.0,3
CS212A,Kiến trúc máy tính 1,5.0,2
CS311A,Hợp ngữ,7.0,2
EC101,Kinh tế học đại cương,5.3,3
FN201A,Lý thuyết tài chính tiền tệ,6.0,2
GE100,Tiếng Anh cho người mới bắt đầu,7.4,2
GE101A,Tiếng Anh sơ cấp 1,6.6,2
GE102A,Tiếng Anh sơ cấp 2,5.8,2
GE201A,Tiếng Anh sơ trung cấp 1,5.0,2
GE202A,Tiếng Anh sơ trung cấp 2,5.0,2
GF101,Tiếng Pháp 1,5.7,2
GF102,Tiếng Pháp 2,0.0,2
GZ101,Tiếng Trung 1,7.8,2
GZ102,Tiếng Trung 2,-1.0,2
IS322E,Hệ quản trị cơ sở dữ liệu,4.0,4
MA100A,Toán 1,5.5,2
MA110A,Giải tích 1A,4.0,2
MA111A,Giải tích 2A,5.0,2
MA120A,Đại số tuyến tính 1,4.0,2
ML111,Triết học Mác – Lênin,6.0,2
ML112,Kinh tế chính trị và CNXH khoa học,7.0,3
ML202,Tư tưởng Hồ Chí Minh,7.0,2
ML203,Đường lối cách mạng của Đảng CS Việt Nam,6.7,3
NA151,Khoa học môi trường,6.5,2
NW312A,Thiết kế quản trị mạng,6.1,4
NW322A,Lập trình mạng,6.0,4
PG100,Giáo dục thể chất,5.4,4
PG121,Giáo dục quốc phòng,7.0,4
SH131,Pháp luật đại cương,5.0,2
AC201,Nguyên lý kế toán,7.2,3
AC210,Kế toán doanh nghiệp,6.3,3
AD211,Văn hóa Hà Nội,7.5,2
BA101,Quản trị học,7.2,2
CF201,Lý thuyết thuật toán,0.0,3
CF212A,Cấu trúc dữ liệu 1,0.0,2
CF212B,Cấu trúc dữ liệu 2,0.0,2
CS110,Kỹ thuật số,6.0,2
CS212A,Kiến trúc máy tính 1,5.0,2
CS223,Lập trình Java,5.9,3
CS315,Nguyên lý hệ điều hành,5.0,3
CS316,Hệ điều hành Unix,5.0,3
CS324,Kỹ thuật lập trình,6.0,2
EC202,Kinh tế vi mô,7.0,2
EC203,Kinh tế vĩ mô,5.0,2
FN211D,Nhập môn tài chính doanh nghiệp,3.2,2
FN221,Tài chính công,8.1,2
IS222,Cơ sở dữ liệu,5.3,3
IS322E,Hệ quản trị cơ sở dữ liệu,4.0,4
IS332,Phân tích thiết kế hướng đối tượng,6.0,3
IS333,Phân tích thiết kế hệ thống thông tin,5.0,2
MA110A,Giải tích 1A,4.0,2
MA111A,Giải tích 2A,5.0,2
MA120A,Đại số tuyến tính 1,4.0,2
MA212,Phương trình vi phân,2.2,2
MA231,Xác suất thống kê ứng dụng,4.0,4
MI201,Toán rời rạc,5.0,3
MI312,Đồ họa,5.0,2
MI414,Giao diện người máy,5.0,2
MK201,Nguyên lý marketing,7.3,2
MK312,Quản trị thương hiệu,6.0,2
MK423,Quan hệ cộng đồng,7.4,2
NW212,Mạng máy tính,6.2,2
NW312A,Thiết kế quản trị mạng,6.1,4
NW332A,An toàn mạng,6.0,4
NW439,CĐTN: An toàn mạng,8.4,6
PE201,Tiếng Anh trong tin học 1A,6.7,2
PE302,Tiếng Anh trong tin học 1B,6.6,2
SE302,Công nghệ phần mềm,5.3,2
